// APEX IREC 2026 flight replay ROM. GENERATED, do not edit.
// Regenerate: python3 projects/sdr/host/apex_flight_rom.py --csv <IREC-2026-SRAD-TELEMETRY.csv>
// Source: apex sim/output/log_exports/Flight_02_2026-06-17T21-28-54-800/IREC-2026-SRAD-TELEMETRY.csv
// Source sha256: e88c4061a16eb3944b6b2feb054edfad17e3b74eea793258f27e9a0fa6a43ce4
// Window: LAUNCH_DETECTED 35483912 ms - 2000 ms to LANDED 35680866 ms + 3000 ms; ticks 35481916..35683766 ms
// Cadence: 50 ms of flight per frame to apogee 35493546 ms + 3000 ms, then 200 ms per frame
// EMULATED (absent from the log, see EMULATED in the generator): gps_fix, gps_sats, lat_deg, lon_deg, gps_alt_m, phase_status, health, tilt_deg, azimuth_deg
// 1230 frames x 42 bytes: type 0x02 + 41-byte FLIGHT body. The RTL appends the CRC.
// frame 0 tick 35481916 ms row 35481916 ARMED
02
4b
47
35
4c
44
49
00
00
f1
bf
03
0a
76
57
f8
41
33
10
cf
c2
89
07
fe
ff
00
00
fe
ff
04
00
ec
ff
05
00
00
4d
b0
3b
02
6c
02
// frame 1 tick 35481966 ms row 35481966 ARMED
02
4b
47
35
4c
44
49
01
00
f1
bf
03
0a
7c
57
f8
41
35
10
cf
c2
85
07
ff
ff
00
00
ff
ff
00
00
eb
ff
04
00
00
4d
b0
3b
02
6c
02
// frame 2 tick 35482016 ms row 35481966 ARMED
02
4b
47
35
4c
44
49
02
00
f1
bf
03
0a
74
57
f8
41
34
10
cf
c2
88
07
ff
ff
00
00
ff
ff
00
00
eb
ff
04
00
00
4d
b0
3b
02
6c
02
// frame 3 tick 35482066 ms row 35482026 ARMED
02
4b
47
35
4c
44
49
03
00
f1
bf
03
0a
73
57
f8
41
33
10
cf
c2
8d
07
ff
ff
00
00
ff
ff
04
00
e9
ff
05
00
00
4d
b0
3b
02
6c
02
// frame 4 tick 35482116 ms row 35482076 ARMED
02
4b
47
35
4c
44
49
04
00
f1
bf
03
0a
82
57
f8
41
35
10
cf
c2
8a
07
fe
ff
00
00
fe
ff
02
00
dc
ff
04
00
00
4d
b0
3b
02
6c
02
// frame 5 tick 35482166 ms row 35482126 ARMED
02
4b
47
35
4c
44
49
05
00
f1
bf
03
0a
75
57
f8
41
33
10
cf
c2
8b
07
fe
ff
00
00
fe
ff
00
00
ed
ff
05
00
00
4d
b0
3b
02
6c
02
// frame 6 tick 35482216 ms row 35482186 ARMED
02
4b
47
35
4c
44
49
06
00
f1
bf
03
0a
8a
57
f8
41
35
10
cf
c2
8c
07
ff
ff
00
00
ff
ff
03
00
ea
ff
01
00
00
4d
b0
3b
02
6c
02
// frame 7 tick 35482266 ms row 35482236 ARMED
02
4b
47
35
4c
44
49
07
00
f1
bf
03
0a
7f
57
f8
41
34
10
cf
c2
8c
07
fe
ff
00
00
fe
ff
01
00
ed
ff
05
00
00
4e
b0
3b
02
6c
02
// frame 8 tick 35482316 ms row 35482286 ARMED
02
4b
47
35
4c
44
49
08
00
f1
bf
03
0a
71
57
f8
41
32
10
cf
c2
86
07
ff
ff
00
00
ff
ff
05
00
e9
ff
03
00
00
4d
b0
3b
02
6c
02
// frame 9 tick 35482366 ms row 35482346 ARMED
02
4b
47
35
4c
44
49
09
00
f1
bf
03
0b
76
57
f8
41
34
10
cf
c2
8b
07
ff
ff
00
00
ff
ff
ff
ff
ea
ff
05
00
00
4d
b0
3b
02
6c
02
// frame 10 tick 35482416 ms row 35482396 ARMED
02
4b
47
35
4c
44
49
0a
00
f1
bf
03
0b
78
57
f8
41
34
10
cf
c2
8b
07
ff
ff
00
00
ff
ff
fe
ff
ea
ff
06
00
00
4d
b0
3b
02
6c
02
// frame 11 tick 35482466 ms row 35482446 ARMED
02
4b
47
35
4c
44
49
0b
00
f1
bf
03
0b
84
57
f8
41
35
10
cf
c2
85
07
fe
ff
00
00
fe
ff
08
00
f1
ff
05
00
00
4e
b0
3b
02
6c
02
// frame 12 tick 35482516 ms row 35482506 ARMED
02
4b
47
35
4c
44
49
0c
00
f1
bf
03
0b
7e
57
f8
41
31
10
cf
c2
8c
07
ff
ff
00
00
ff
ff
ff
ff
ec
ff
06
00
00
4d
b0
3b
02
6c
02
// frame 13 tick 35482566 ms row 35482556 ARMED
02
4b
47
35
4c
44
49
0d
00
f1
bf
03
0b
7b
57
f8
41
32
10
cf
c2
88
07
fd
ff
00
00
fd
ff
00
00
e5
ff
04
00
00
4e
b0
3b
02
6c
02
// frame 14 tick 35482616 ms row 35482606 ARMED
02
4b
47
35
4c
44
49
0e
00
f1
bf
03
0b
89
57
f8
41
32
10
cf
c2
89
07
ff
ff
00
00
ff
ff
f9
ff
f9
ff
04
00
00
4d
b0
3b
02
6c
02
// frame 15 tick 35482666 ms row 35482666 ARMED
02
4b
47
35
4c
44
49
0f
00
f1
bf
03
0b
7d
57
f8
41
35
10
cf
c2
88
07
fc
ff
00
00
fc
ff
04
00
ef
ff
05
00
00
4f
b0
3b
02
6c
02
// frame 16 tick 35482716 ms row 35482716 ARMED
02
4b
47
35
4c
44
49
10
00
f1
bf
03
0b
86
57
f8
41
35
10
cf
c2
83
07
fe
ff
00
00
fe
ff
fd
ff
e5
ff
02
00
00
4e
b0
3b
02
6c
02
// frame 17 tick 35482766 ms row 35482766 ARMED
02
4b
47
35
4c
44
49
11
00
f1
bf
03
0b
81
57
f8
41
30
10
cf
c2
87
07
ff
ff
00
00
ff
ff
01
00
e3
ff
05
00
00
4d
b0
3b
02
6c
02
// frame 18 tick 35482816 ms row 35482766 ARMED
02
4b
47
35
4c
44
49
12
00
f1
bf
03
0b
7c
57
f8
41
35
10
cf
c2
89
07
ff
ff
00
00
ff
ff
01
00
e3
ff
05
00
00
4d
b0
3b
02
6c
02
// frame 19 tick 35482866 ms row 35482826 ARMED
02
4b
47
35
4c
44
49
13
00
f1
bf
03
0b
77
57
f8
41
31
10
cf
c2
85
07
ff
ff
00
00
ff
ff
0a
00
e4
ff
04
00
00
4d
b0
3b
02
6c
02
// frame 20 tick 35482916 ms row 35482876 ARMED
02
4b
47
35
4c
44
49
14
00
f1
bf
03
0b
7f
57
f8
41
32
10
cf
c2
85
07
ff
ff
00
00
ff
ff
00
00
e0
ff
06
00
00
4d
b0
3b
02
6c
02
// frame 21 tick 35482966 ms row 35482926 ARMED
02
4b
47
35
4c
44
49
15
00
f1
bf
03
0b
77
57
f8
41
35
10
cf
c2
7b
07
c1
ff
00
00
c1
ff
41
14
b9
ff
12
00
00
6f
b0
3b
02
6c
02
// frame 22 tick 35483016 ms row 35482986 ARMED
02
4b
47
35
4c
44
49
16
00
f1
bf
03
0b
7e
57
f8
41
31
10
cf
c2
82
07
09
00
00
00
09
00
1f
25
33
fe
fc
ff
00
48
b0
3b
02
6c
02
// frame 23 tick 35483066 ms row 35483036 ARMED
02
4b
47
35
4c
44
49
17
00
f1
bf
03
0b
7e
57
f8
41
37
10
cf
c2
83
07
f9
ff
00
00
f9
ff
5f
27
0f
00
ee
ff
00
51
b0
3b
02
6c
02
// frame 24 tick 35483116 ms row 35483036 ARMED
02
4b
47
35
4c
44
49
18
00
f1
bf
03
0b
78
57
f8
41
2f
10
cf
c2
8b
07
f9
ff
00
00
f9
ff
5f
27
0f
00
ee
ff
00
51
b0
3b
02
6c
02
// frame 25 tick 35483166 ms row 35483036 ARMED
02
4b
47
35
4c
44
49
19
00
f1
bf
03
0b
85
57
f8
41
35
10
cf
c2
86
07
f9
ff
00
00
f9
ff
5f
27
0f
00
ee
ff
00
51
b0
3b
02
6c
02
// frame 26 tick 35483216 ms row 35483036 ARMED
02
4b
47
35
4c
44
49
1a
00
f1
bf
03
0b
8c
57
f8
41
34
10
cf
c2
85
07
f9
ff
00
00
f9
ff
5f
27
0f
00
ee
ff
00
51
b0
3b
02
6c
02
// frame 27 tick 35483266 ms row 35483036 ARMED
02
4b
47
35
4c
44
49
1b
00
f1
bf
03
0b
7f
57
f8
41
34
10
cf
c2
87
07
f9
ff
00
00
f9
ff
5f
27
0f
00
ee
ff
00
51
b0
3b
02
6c
02
// frame 28 tick 35483316 ms row 35483036 ARMED
02
4b
47
35
4c
44
49
1c
00
f1
bf
03
0b
78
57
f8
41
32
10
cf
c2
87
07
f9
ff
00
00
f9
ff
5f
27
0f
00
ee
ff
00
51
b0
3b
02
6c
02
// frame 29 tick 35483366 ms row 35483036 ARMED
02
4b
47
35
4c
44
49
1d
00
f1
bf
03
0b
7f
57
f8
41
32
10
cf
c2
86
07
f9
ff
00
00
f9
ff
5f
27
0f
00
ee
ff
00
51
b0
3b
02
6c
02
// frame 30 tick 35483416 ms row 35483036 ARMED
02
4b
47
35
4c
44
49
1e
00
f1
bf
03
0b
7f
57
f8
41
30
10
cf
c2
87
07
f9
ff
00
00
f9
ff
5f
27
0f
00
ee
ff
00
51
b0
3b
02
6c
02
// frame 31 tick 35483466 ms row 35483036 ARMED
02
4b
47
35
4c
44
49
1f
00
f1
bf
03
0b
6d
57
f8
41
34
10
cf
c2
85
07
f9
ff
00
00
f9
ff
5f
27
0f
00
ee
ff
00
51
b0
3b
02
6c
02
// frame 32 tick 35483516 ms row 35483036 ARMED
02
4b
47
35
4c
44
49
20
00
f1
bf
03
0b
74
57
f8
41
35
10
cf
c2
8b
07
f9
ff
00
00
f9
ff
5f
27
0f
00
ee
ff
00
51
b0
3b
02
6c
02
// frame 33 tick 35483566 ms row 35483036 ARMED
02
4b
47
35
4c
44
49
21
00
f1
bf
03
0b
7c
57
f8
41
32
10
cf
c2
89
07
f9
ff
00
00
f9
ff
5f
27
0f
00
ee
ff
00
51
b0
3b
02
6c
02
// frame 34 tick 35483616 ms row 35483036 ARMED
02
4b
47
35
4c
44
49
22
00
f1
bf
03
0b
8d
57
f8
41
34
10
cf
c2
85
07
f9
ff
00
00
f9
ff
5f
27
0f
00
ee
ff
00
51
b0
3b
02
6c
02
// frame 35 tick 35483666 ms row 35483036 ARMED
02
4b
47
35
4c
44
49
23
00
f1
bf
03
0b
7f
57
f8
41
30
10
cf
c2
84
07
f9
ff
00
00
f9
ff
5f
27
0f
00
ee
ff
00
51
b0
3b
02
6c
02
// frame 36 tick 35483716 ms row 35483036 ARMED
02
4b
47
35
4c
44
49
24
00
f1
bf
03
0b
7c
57
f8
41
31
10
cf
c2
88
07
f9
ff
00
00
f9
ff
5f
27
0f
00
ee
ff
00
51
b0
3b
02
6c
02
// frame 37 tick 35483766 ms row 35483036 ARMED
02
4b
47
35
4c
44
49
25
00
f1
bf
03
0b
77
57
f8
41
32
10
cf
c2
87
07
f9
ff
00
00
f9
ff
5f
27
0f
00
ee
ff
00
51
b0
3b
02
6c
02
// frame 38 tick 35483816 ms row 35483036 ARMED
02
4b
47
35
4c
44
49
26
00
f1
bf
03
0b
85
57
f8
41
32
10
cf
c2
82
07
f9
ff
00
00
f9
ff
5f
27
0f
00
ee
ff
00
51
b0
3b
02
6c
02
// frame 39 tick 35483866 ms row 35483036 ARMED
02
4b
47
35
4c
44
49
27
00
f1
bf
03
0c
88
57
f8
41
34
10
cf
c2
8a
07
f9
ff
00
00
f9
ff
5f
27
0f
00
ee
ff
00
51
b0
3b
02
6c
02
// frame 40 tick 35483916 ms row 35483036 ARMED
02
4b
47
35
4c
44
49
28
00
f1
bf
03
0c
8b
57
f8
41
2f
10
cf
c2
80
07
f9
ff
00
00
f9
ff
5f
27
0f
00
ee
ff
00
51
b0
3b
02
6c
02
// frame 41 tick 35483966 ms row 35483966 BOOST
02
4b
47
35
4c
44
49
29
00
f2
bf
03
0b
88
57
f8
41
2d
10
cf
c2
f9
07
37
02
5d
17
3a
1b
ef
2a
82
04
ac
00
00
09
af
3b
02
5d
02
// frame 42 tick 35484016 ms row 35484006 BOOST
02
4b
47
35
4c
44
49
2a
00
f2
bf
03
0b
86
57
f8
41
2c
10
cf
c2
07
08
68
02
51
18
3d
1d
20
2b
5e
04
97
00
00
f2
ae
3b
02
59
02
// frame 43 tick 35484066 ms row 35484066 BOOST
02
4b
47
35
4c
44
49
2b
00
f2
bf
03
0b
94
57
f8
41
28
10
cf
c2
12
08
b8
02
bd
19
56
20
47
2b
e1
04
75
00
00
d0
ae
3b
02
57
02
// frame 44 tick 35484116 ms row 35484116 BOOST
02
4b
47
35
4c
44
49
2c
00
f2
bf
03
0b
97
57
f8
41
2a
10
cf
c2
20
08
f8
02
d0
1a
bd
22
62
2b
f8
03
5e
00
00
b6
ae
3b
02
54
02
// frame 45 tick 35484166 ms row 35484166 COAST
02
4b
47
35
4c
44
49
2d
00
fb
bf
03
0c
90
57
f8
41
26
10
cf
c2
2c
08
3c
03
f5
1a
4f
23
d7
2a
ab
03
3d
00
00
9a
ae
3b
02
52
02
// frame 46 tick 35484216 ms row 35484206 COAST
02
4b
47
35
4c
44
49
2e
00
fb
bf
03
0c
98
57
f8
41
29
10
cf
c2
3b
08
71
03
e9
19
68
21
27
2a
8a
04
2d
00
00
8a
ae
3b
02
50
02
// frame 47 tick 35484266 ms row 35484266 COAST
02
4b
47
35
4c
44
49
2f
00
fb
bf
03
0c
97
57
f8
41
27
10
cf
c2
4a
08
bf
03
50
18
93
1e
c0
2a
ac
04
0f
00
00
76
ae
3b
02
4f
02
// frame 48 tick 35484316 ms row 35484316 COAST
02
4b
47
35
4c
44
49
30
00
fb
bf
03
0c
9f
57
f8
41
23
10
cf
c2
51
08
f8
03
66
17
0e
1d
2c
2c
ab
03
f5
ff
00
6e
ae
3b
02
4e
02
// frame 49 tick 35484366 ms row 35484366 COAST
02
4b
47
35
4c
44
49
31
00
fb
bf
03
0c
a0
57
f8
41
23
10
cf
c2
5a
08
2e
04
8f
15
dd
19
b7
2b
57
03
dd
ff
00
6f
ae
3b
02
4e
02
// frame 50 tick 35484416 ms row 35484406 COAST
02
4b
47
35
4c
44
49
32
00
fb
bf
03
0c
99
57
f8
41
21
10
cf
c2
6c
08
58
04
7b
14
1d
18
0f
2c
e0
03
d2
ff
00
74
ae
3b
02
4e
02
// frame 51 tick 35484466 ms row 35484466 COAST
02
4b
47
35
4c
44
49
33
00
fb
bf
03
0c
a6
57
f8
41
20
10
cf
c2
6b
08
95
04
ea
12
ae
15
6f
2b
75
03
af
ff
00
7c
ae
3b
02
4f
02
// frame 52 tick 35484516 ms row 35484516 COAST
02
4b
47
35
4c
44
49
34
00
fb
bf
03
0c
ad
57
f8
41
22
10
cf
c2
79
08
c0
04
03
12
61
14
d3
2a
7f
02
a5
ff
00
85
ae
3b
02
50
02
// frame 53 tick 35484566 ms row 35484566 COAST
02
4b
47
35
4c
44
49
35
00
fb
bf
03
0c
9a
57
f8
41
1f
10
cf
c2
7f
08
e9
04
48
10
dc
11
27
2f
54
01
91
ff
00
7c
ae
3b
02
51
02
// frame 54 tick 35484616 ms row 35484606 COAST
02
4b
47
35
4c
44
49
36
00
fb
bf
03
0c
9e
57
f8
41
1f
10
cf
c2
85
08
08
05
40
0f
7b
10
ba
2d
85
00
97
ff
00
70
ae
3b
02
53
02
// frame 55 tick 35484666 ms row 35484666 COAST
02
4b
47
35
4c
44
49
37
00
fb
bf
03
0c
9f
57
f8
41
1d
10
cf
c2
96
08
34
05
b3
0d
8b
0e
1d
2b
dc
fc
95
ff
00
5a
ae
3b
02
56
02
// frame 56 tick 35484716 ms row 35484716 COAST
02
4b
47
35
4c
44
49
38
00
fb
bf
03
0c
9e
57
f8
41
20
10
cf
c2
98
08
53
05
c5
0c
7d
0d
a1
29
51
00
ad
ff
00
48
ae
3b
02
58
02
// frame 57 tick 35484766 ms row 35484766 COAST
02
4b
47
35
4c
44
49
39
00
fb
bf
03
0c
a9
57
f8
41
1d
10
cf
c2
a0
08
6e
05
dc
0a
66
0b
e4
27
9a
02
da
ff
00
2b
ae
3b
02
5b
02
// frame 58 tick 35484816 ms row 35484806 COAST
02
4b
47
35
4c
44
49
3a
00
fb
bf
03
0c
a9
57
f8
41
1c
10
cf
c2
a2
08
82
05
b3
09
4d
0a
f1
26
c5
fe
f5
ff
00
15
ae
3b
02
5f
02
// frame 59 tick 35484866 ms row 35484866 COAST
02
4b
47
35
4c
44
49
3b
00
fb
bf
03
0c
9a
57
f8
41
20
10
cf
c2
a4
08
9c
05
f8
07
df
08
ff
26
5e
03
35
00
00
f1
ad
3b
02
62
02
// frame 60 tick 35484916 ms row 35484916 COAST
02
4b
47
35
4c
44
49
3c
00
fb
bf
03
0c
a8
57
f8
41
1f
10
cf
c2
a9
08
ad
05
ef
06
27
08
24
27
e8
ff
53
00
00
d6
ad
3b
02
66
02
// frame 61 tick 35484966 ms row 35484966 COAST
02
4b
47
35
4c
44
49
3d
00
fb
bf
03
0c
ab
57
f8
41
21
10
cf
c2
b1
08
b9
05
dd
04
f3
06
a7
1f
a6
00
59
00
00
bc
ad
3b
02
69
02
// frame 62 tick 35485016 ms row 35485006 COAST
02
4b
47
35
4c
44
49
3e
00
fb
bf
03
0c
a5
57
f8
41
1d
10
cf
c2
af
08
c0
05
93
03
6a
06
40
20
93
01
57
00
00
a9
ad
3b
02
6d
02
// frame 63 tick 35485066 ms row 35485066 COAST
02
4b
47
35
4c
44
49
3f
00
fb
bf
03
0c
a7
57
f8
41
1f
10
cf
c2
ab
08
c7
05
9c
01
e9
05
e7
1d
cd
01
37
00
00
81
ad
3b
02
71
02
// frame 64 tick 35485116 ms row 35485116 COAST
02
4b
47
35
4c
44
49
40
00
fb
bf
03
0c
9f
57
f8
41
1b
10
cf
c2
ab
08
c7
05
5f
00
c9
05
9d
1c
65
01
13
00
00
5e
ad
3b
02
75
02
// frame 65 tick 35485166 ms row 35485166 COAST
02
4b
47
35
4c
44
49
41
00
fb
bf
03
0c
a0
57
f8
41
1c
10
cf
c2
ad
08
c3
05
a6
fe
c3
05
29
1b
a0
01
f2
ff
00
38
ad
3b
02
78
02
// frame 66 tick 35485216 ms row 35485206 COAST
02
4b
47
35
4c
44
49
42
00
fb
bf
03
0c
94
57
f8
41
1c
10
cf
c2
b3
08
c2
05
48
00
c4
05
99
19
0f
01
d2
ff
00
14
ad
3b
02
7b
02
// frame 67 tick 35485266 ms row 35485266 COAST
02
4b
47
35
4c
44
49
43
00
fb
bf
03
0c
9f
57
f8
41
1f
10
cf
c2
a8
08
cb
05
fc
03
9e
06
47
18
db
01
c0
ff
00
e2
ac
3b
02
7f
02
// frame 68 tick 35485316 ms row 35485316 COAST
02
4b
47
35
4c
44
49
44
00
fb
bf
03
0c
ad
57
f8
41
1e
10
cf
c2
b3
08
d9
05
82
06
09
08
d0
16
2c
00
c2
ff
00
cd
ac
3b
02
81
02
// frame 69 tick 35485366 ms row 35485366 COAST
02
4b
47
35
4c
44
49
45
00
fb
bf
03
0c
a0
57
f8
41
1e
10
cf
c2
c2
08
f1
05
fe
09
06
0b
06
16
38
01
db
ff
00
99
ac
3b
02
84
02
// frame 70 tick 35485416 ms row 35485406 COAST
02
4b
47
35
4c
44
49
46
00
fb
bf
03
0c
b0
57
f8
41
1a
10
cf
c2
b9
08
09
06
5f
0c
b7
0d
cf
14
c3
01
e7
ff
00
77
ac
3b
02
86
02
// frame 71 tick 35485466 ms row 35485466 COAST
02
4b
47
35
4c
44
49
47
00
fb
bf
03
0c
b7
57
f8
41
1d
10
cf
c2
cb
08
37
06
e8
0f
9c
12
4f
12
fa
ff
0c
00
00
43
ac
3b
02
88
02
// frame 72 tick 35485516 ms row 35485516 COAST
02
4b
47
35
4c
44
49
48
00
fb
bf
03
0c
b2
57
f8
41
19
10
cf
c2
d1
08
63
06
47
12
72
16
b0
10
4d
01
1e
00
00
24
ac
3b
02
89
02
// frame 73 tick 35485566 ms row 35485566 COAST
02
4b
47
35
4c
44
49
49
00
fb
bf
03
0c
ae
57
f8
41
1c
10
cf
c2
d5
08
99
06
98
15
5c
1c
77
0e
1b
ff
2a
00
00
e0
ab
3b
02
8a
02
// frame 74 tick 35485616 ms row 35485606 COAST
02
4b
47
35
4c
44
49
4a
00
fb
bf
03
0b
a9
57
f8
41
18
10
cf
c2
e4
08
c9
06
d3
17
b4
20
08
0d
d3
ff
3b
00
00
b3
ab
3b
02
8a
02
// frame 75 tick 35485666 ms row 35485666 COAST
02
4b
47
35
4c
44
49
4b
00
fb
bf
03
0b
b6
57
f8
41
17
10
cf
c2
f7
08
1b
07
1c
1b
89
27
3f
0a
3d
ff
50
00
00
6b
ab
3b
02
8a
02
// frame 76 tick 35485716 ms row 35485716 COAST
02
4b
47
35
4c
44
49
4c
00
fb
bf
03
0b
bb
57
f8
41
19
10
cf
c2
00
09
62
07
4b
1d
57
2c
c4
08
4c
fe
5b
00
00
3e
ab
3b
02
89
02
// frame 77 tick 35485766 ms row 35485766 COAST
02
4b
47
35
4c
44
49
4d
00
fb
bf
03
0b
b6
57
f8
41
15
10
cf
c2
13
09
b4
07
68
20
59
33
f6
06
75
fe
62
00
00
f8
aa
3b
02
88
02
// frame 78 tick 35485816 ms row 35485806 COAST
02
4b
47
35
4c
44
49
4e
00
fb
bf
03
0b
b4
57
f8
41
13
10
cf
c2
25
09
f9
07
79
22
2c
38
24
05
58
00
56
00
00
d2
aa
3b
02
87
02
// frame 79 tick 35485866 ms row 35485866 COAST
02
4b
47
35
4c
44
49
4f
00
fb
bf
03
0b
b5
57
f8
41
16
10
cf
c2
35
09
6d
08
8b
25
7f
3f
bd
03
22
00
45
00
00
8e
aa
3b
02
85
02
// frame 80 tick 35485916 ms row 35485916 COAST
02
4b
47
35
4c
44
49
50
00
fb
bf
03
0b
b5
57
f8
41
12
10
cf
c2
46
09
ce
08
90
27
75
44
36
02
bd
ff
30
00
00
64
aa
3b
02
82
02
// frame 81 tick 35485966 ms row 35485966 COAST
02
4b
47
35
4c
44
49
51
00
fb
bf
03
0b
b5
57
f8
41
11
10
cf
c2
60
09
3a
09
89
2a
a7
4b
15
01
60
fe
2b
00
00
12
aa
3b
02
80
02
// frame 82 tick 35486016 ms row 35486006 COAST
02
4b
47
35
4c
44
49
52
00
fb
bf
03
0b
ad
57
f8
41
0e
10
cf
c2
6f
09
94
09
82
2c
87
50
30
01
ff
fe
25
00
00
de
a9
3b
02
7d
02
// frame 83 tick 35486066 ms row 35486066 COAST
02
4b
47
35
4c
44
49
53
00
fb
bf
03
0b
b7
57
f8
41
0b
10
cf
c2
8e
09
27
0a
72
2f
d5
57
b3
ff
15
ff
25
00
00
99
a9
3b
02
79
02
// frame 84 tick 35486116 ms row 35486116 COAST
02
4b
47
35
4c
44
49
54
00
fb
bf
03
0b
cc
57
f8
41
0c
10
cf
c2
aa
09
a0
0a
65
31
c2
5c
de
ff
f8
ff
23
00
00
60
a9
3b
02
76
02
// frame 85 tick 35486166 ms row 35486166 COAST
02
4b
47
35
4c
44
49
55
00
fb
bf
03
0b
c5
57
f8
41
0b
10
cf
c2
c7
09
25
0b
4d
34
e4
63
c0
fe
44
00
23
00
00
14
a9
3b
02
72
02
// frame 86 tick 35486216 ms row 35486206 COAST
02
4b
47
35
4c
44
49
56
00
fb
bf
03
0b
c1
57
f8
41
07
10
cf
c2
d6
09
93
0b
3b
36
af
68
00
ff
6d
ff
1b
00
00
df
a8
3b
02
6f
02
// frame 87 tick 35486266 ms row 35486266 COAST
02
4b
47
35
4c
44
49
57
00
fb
bf
03
0b
d0
57
f8
41
03
10
cf
c2
03
0a
46
0c
1c
39
d8
6f
e3
fd
83
00
1b
00
00
8e
a8
3b
02
6b
02
// frame 88 tick 35486316 ms row 35486316 COAST
02
4b
47
35
4c
44
49
58
00
fb
bf
03
0b
db
57
f8
41
07
10
cf
c2
17
0a
d6
0c
06
3b
ae
74
19
fe
03
00
1e
00
00
57
a8
3b
02
67
02
// frame 89 tick 35486366 ms row 35486366 COAST
02
4b
47
35
4c
44
49
59
00
fb
bf
03
0b
ce
57
f8
41
ff
0f
cf
c2
3b
0a
74
0d
e6
3d
9f
7b
91
fd
4e
00
1d
00
00
0a
a8
3b
02
63
02
// frame 90 tick 35486416 ms row 35486406 COAST
02
4b
47
35
4c
44
49
5a
00
fb
bf
03
0b
e5
57
f8
41
fc
0f
cf
c2
53
0a
f6
0d
cc
3f
ff
7f
ed
fc
5f
ff
1c
00
00
d2
a7
3b
02
60
02
// frame 91 tick 35486466 ms row 35486466 COAST
02
4b
47
35
4c
44
49
5b
00
fb
bf
03
0b
e3
57
f8
41
fa
0f
cf
c2
78
0a
c6
0e
a3
42
ff
7f
e9
fc
50
ff
20
00
00
83
a7
3b
02
5d
02
// frame 92 tick 35486516 ms row 35486516 COAST
02
4b
47
35
4c
44
49
5c
00
fb
bf
03
0b
ee
57
f8
41
fa
0f
cf
c2
a3
0a
6e
0f
81
44
ff
7f
77
fc
3b
00
28
00
00
4d
a7
3b
02
59
02
// frame 93 tick 35486566 ms row 35486566 COAST
02
4b
47
35
4c
44
49
5d
00
fb
bf
03
0b
ea
57
f8
41
f5
0f
cf
c2
c6
0a
24
10
57
47
ff
7f
0a
fc
58
ff
3a
00
00
f9
a6
3b
02
57
02
// frame 94 tick 35486616 ms row 35486606 COAST
02
4b
47
35
4c
44
49
5e
00
fb
bf
03
0b
f0
57
f8
41
f6
0f
cf
c2
e0
0a
b9
10
37
49
ff
7f
94
fb
57
fe
49
00
00
cf
a6
3b
02
54
02
// frame 95 tick 35486666 ms row 35486666 COAST
02
4b
47
35
4c
44
49
5f
00
fb
bf
03
0b
f9
57
f8
41
f1
0f
cf
c2
0e
0b
a7
11
03
4c
ff
7f
ad
fb
a4
fe
5d
00
00
7d
a6
3b
03
52
02
// frame 96 tick 35486716 ms row 35486716 COAST
02
4b
47
35
4c
44
49
60
00
fb
bf
03
0b
f5
57
f8
41
ef
0f
cf
c2
39
0b
66
12
db
4d
ff
7f
4a
fb
04
fe
6b
00
00
4c
a6
3b
03
50
02
// frame 97 tick 35486766 ms row 35486766 COAST
02
4b
47
35
4c
44
49
61
00
fb
bf
03
0b
00
58
f8
41
e9
0f
cf
c2
5f
0b
34
13
a9
50
ff
7f
41
fb
4d
ff
6e
00
00
fc
a5
3b
03
4f
02
// frame 98 tick 35486816 ms row 35486806 COAST
02
4b
47
35
4c
44
49
62
00
fb
bf
03
0b
fa
57
f8
41
e7
0f
cf
c2
89
0b
d8
13
b1
4f
ff
7f
c0
fa
27
fe
67
00
00
ce
a5
3b
03
4e
02
// frame 99 tick 35486866 ms row 35486866 COAST
02
4b
47
35
4c
44
49
63
00
fb
bf
03
0b
01
58
f8
41
e4
0f
cf
c2
b5
0b
ce
14
99
4c
ff
7f
b6
fa
69
00
50
00
00
75
a5
3b
03
4e
02
// frame 100 tick 35486916 ms row 35486916 COAST
02
4b
47
35
4c
44
49
64
00
fb
bf
03
0b
0d
58
f8
41
e3
0f
cf
c2
da
0b
86
15
81
4a
ff
7f
31
fa
80
fd
44
00
00
43
a5
3b
03
4e
02
// frame 101 tick 35486966 ms row 35486966 COAST
02
4b
47
35
4c
44
49
65
00
fb
bf
03
0b
10
58
f8
41
e0
0f
cf
c2
fb
0b
3e
16
6e
47
ff
7f
84
f9
4d
fe
34
00
00
f2
a4
3b
03
4f
02
// frame 102 tick 35487016 ms row 35487006 COAST
02
4b
47
35
4c
44
49
66
00
fb
bf
03
0b
16
58
f8
41
dd
0f
cf
c2
1b
0c
cd
16
5b
45
ff
7f
22
fa
92
ff
32
00
00
c0
a4
3b
03
50
02
// frame 103 tick 35487066 ms row 35487066 COAST
02
4b
47
35
4c
44
49
67
00
fb
bf
03
0b
27
58
f8
41
d9
0f
cf
c2
42
0c
a3
17
3b
42
ff
7f
a4
f9
24
00
26
00
00
6a
a4
3b
03
51
02
// frame 104 tick 35487116 ms row 35487116 COAST
02
4b
47
35
4c
44
49
68
00
fb
bf
03
0b
22
58
f8
41
db
0f
cf
c2
5e
0c
41
18
1f
40
ff
7f
aa
f9
55
ff
33
00
00
2d
a4
3b
03
53
02
// frame 105 tick 35487166 ms row 35487166 COAST
02
4b
47
35
4c
44
49
69
00
fb
bf
03
0b
21
58
f8
41
d5
0f
cf
c2
80
0c
df
18
08
3d
ff
7f
fb
f9
01
00
3a
00
00
e4
a3
3b
03
56
02
// frame 106 tick 35487216 ms row 35487208 COAST
02
4b
47
35
4c
44
49
6a
00
fb
bf
03
0b
30
58
f8
41
d7
0f
cf
c2
95
0c
59
19
f3
3a
ff
7f
90
f9
15
00
3a
00
00
ac
a3
3b
03
58
02
// frame 107 tick 35487266 ms row 35487266 COAST
02
4b
47
35
4c
44
49
6b
00
fb
bf
03
0b
32
58
f8
41
d2
0f
cf
c2
bc
0c
0d
1a
cf
37
f3
7b
53
f9
eb
ff
36
00
00
5d
a3
3b
03
5b
02
// frame 108 tick 35487316 ms row 35487316 COAST
02
4b
47
35
4c
44
49
6c
00
fb
bf
03
0b
2f
58
f8
41
cd
0f
cf
c2
d9
0c
92
1a
b3
35
b2
77
82
f9
c6
00
30
00
00
2b
a3
3b
03
5f
02
// frame 109 tick 35487366 ms row 35487366 COAST
02
4b
47
35
4c
44
49
6d
00
fb
bf
03
0b
3d
58
f8
41
d0
0f
cf
c2
fa
0c
15
1b
9b
32
1d
71
f3
f8
61
ff
27
00
00
df
a2
3b
03
62
02
// frame 110 tick 35487416 ms row 35487406 COAST
02
4b
47
35
4c
44
49
6e
00
fb
bf
03
0b
3e
58
f8
41
ce
0f
cf
c2
0a
0d
79
1b
85
30
b0
6c
d9
f8
e4
fe
23
00
00
a7
a2
3b
03
66
02
// frame 111 tick 35487466 ms row 35487466 COAST
02
4b
47
35
4c
44
49
6f
00
fb
bf
03
0b
49
58
f8
41
cb
0f
cf
c2
21
0d
0c
1c
61
2d
fa
65
00
f9
4d
ff
1f
00
00
5f
a2
3b
03
69
02
// frame 112 tick 35487516 ms row 35487516 COAST
02
4b
47
35
4c
44
49
70
00
fb
bf
03
0b
35
58
f8
41
c7
0f
cf
c2
38
0d
78
1c
45
2b
7d
61
09
f9
d5
fe
24
00
00
27
a2
3b
03
6d
02
// frame 113 tick 35487566 ms row 35487566 COAST
02
4b
47
35
4c
44
49
71
00
fb
bf
03
0b
46
58
f8
41
c8
0f
cf
c2
4d
0d
e0
1c
2c
28
b1
5a
1e
f9
93
fe
26
00
00
e0
a1
3b
03
71
02
// frame 114 tick 35487616 ms row 35487607 COAST
02
4b
47
35
4c
44
49
72
00
fb
bf
03
0b
48
58
f8
41
c8
0f
cf
c2
61
0d
2f
1d
16
26
2c
56
5f
f9
78
ff
34
00
00
a9
a1
3b
03
75
02
// frame 115 tick 35487666 ms row 35487666 COAST
02
4b
47
35
4c
44
49
73
00
fb
bf
03
0b
42
58
f8
41
c6
0f
cf
c2
73
0d
a1
1d
f4
22
73
4f
77
f9
e8
fe
3d
00
00
5c
a1
3b
04
78
02
// frame 116 tick 35487716 ms row 35487716 COAST
02
4b
47
35
4c
44
49
74
00
fb
bf
03
0b
47
58
f8
41
c4
0f
cf
c2
84
0d
f3
1d
d6
20
04
4b
77
f9
4d
ff
40
00
00
31
a1
3b
04
7b
02
// frame 117 tick 35487766 ms row 35487766 COAST
02
4b
47
35
4c
44
49
75
00
fb
bf
03
0b
54
58
f8
41
bf
0f
cf
c2
96
0d
40
1e
be
1d
87
44
7c
f9
80
ff
3a
00
00
e3
a0
3b
04
7f
02
// frame 118 tick 35487816 ms row 35487806 COAST
02
4b
47
35
4c
44
49
76
00
fb
bf
03
0b
48
58
f8
41
bf
0f
cf
c2
a8
0d
7a
1e
a9
1b
53
40
36
f9
d6
fe
38
00
00
b6
a0
3b
04
81
02
// frame 119 tick 35487866 ms row 35487866 COAST
02
4b
47
35
4c
44
49
77
00
fb
bf
03
0b
49
58
f8
41
bd
0f
cf
c2
af
0d
cb
1e
88
18
47
3a
58
f9
5e
ff
33
00
00
6e
a0
3b
04
84
02
// frame 120 tick 35487916 ms row 35487916 COAST
02
4b
47
35
4c
44
49
78
00
fb
bf
03
0b
53
58
f8
41
be
0f
cf
c2
b7
0d
03
1f
6d
16
72
36
ed
f9
e4
ff
2d
00
00
43
a0
3b
04
86
02
// frame 121 tick 35487966 ms row 35487966 COAST
02
4b
47
35
4c
44
49
79
00
fb
bf
03
0b
61
58
f8
41
bc
0f
cf
c2
c6
0d
36
1f
bf
13
d2
31
f2
f9
21
ff
30
00
00
f3
9f
3b
04
88
02
// frame 122 tick 35488016 ms row 35488008 COAST
02
4b
47
35
4c
44
49
7a
00
fb
bf
03
0b
4f
58
f8
41
bb
0f
cf
c2
c8
0d
5e
1f
7a
13
84
31
e9
f9
65
fe
2e
00
00
cb
9f
3b
04
89
02
// frame 123 tick 35488066 ms row 35488066 COAST
02
4b
47
35
4c
44
49
7b
00
fb
bf
03
0b
5c
58
f8
41
bc
0f
cf
c2
d9
0d
a1
1f
fa
15
3b
36
11
fa
4a
ff
35
00
00
81
9f
3b
04
8a
02
// frame 124 tick 35488116 ms row 35488116 COAST
02
4b
47
35
4c
44
49
7c
00
fb
bf
03
0a
50
58
f8
41
bf
0f
cf
c2
ea
0d
db
1f
c6
17
e0
39
bf
f9
a5
ff
3a
00
00
4c
9f
3b
04
8a
02
// frame 125 tick 35488166 ms row 35488166 COAST
02
4b
47
35
4c
44
49
7d
00
fb
bf
03
0a
57
58
f8
41
bb
0f
cf
c2
f0
0d
1f
20
8d
1a
b1
3f
be
f9
f9
ff
38
00
00
08
9f
3b
04
8a
02
// frame 126 tick 35488216 ms row 35488206 COAST
02
4b
47
35
4c
44
49
7e
00
fb
bf
03
0a
54
58
f8
41
b8
0f
cf
c2
03
0e
58
20
62
1c
be
43
d7
f9
87
00
2a
00
00
d7
9e
3b
04
89
02
// frame 127 tick 35488266 ms row 35488266 COAST
02
4b
47
35
4c
44
49
7f
00
fb
bf
03
0a
68
58
f8
41
b6
0f
cf
c2
1c
0e
b8
20
1f
1f
0b
4a
c3
f9
1a
00
16
00
00
91
9e
3b
04
88
02
// frame 128 tick 35488316 ms row 35488316 COAST
02
4b
47
35
4c
44
49
80
00
fb
bf
03
0a
62
58
f8
41
b5
0f
cf
c2
23
0e
09
21
ed
20
5f
4e
c3
f9
05
ff
12
00
00
5f
9e
3b
04
87
02
// frame 129 tick 35488366 ms row 35488366 COAST
02
4b
47
35
4c
44
49
81
00
fb
bf
03
0a
5f
58
f8
41
b9
0f
cf
c2
35
0e
63
21
b3
23
04
55
bb
f9
55
ff
14
00
00
13
9e
3b
04
85
02
// frame 130 tick 35488416 ms row 35488406 COAST
02
4b
47
35
4c
44
49
82
00
fb
bf
03
0a
74
58
f8
41
b5
0f
cf
c2
49
0e
af
21
87
25
87
59
9a
f9
a5
ff
17
00
00
e7
9d
3b
04
82
02
// frame 131 tick 35488466 ms row 35488466 COAST
02
4b
47
35
4c
44
49
83
00
fb
bf
03
0a
69
58
f8
41
b3
0f
cf
c2
67
0e
2c
22
44
28
69
60
c3
f9
44
ff
1d
00
00
9e
9d
3b
04
80
02
// frame 132 tick 35488516 ms row 35488516 COAST
02
4b
47
35
4c
44
49
84
00
fb
bf
03
0a
66
58
f8
41
b4
0f
cf
c2
70
0e
93
22
12
2a
10
65
f8
f9
9c
ff
23
00
00
6c
9d
3b
04
7d
02
// frame 133 tick 35488566 ms row 35488566 COAST
02
4b
47
35
4c
44
49
85
00
fb
bf
03
0a
74
58
f8
41
b1
0f
cf
c2
8c
0e
05
23
da
2c
13
6c
cb
f9
99
ff
2e
00
00
22
9d
3b
04
79
02
// frame 134 tick 35488616 ms row 35488606 COAST
02
4b
47
35
4c
44
49
86
00
fb
bf
03
0a
75
58
f8
41
ad
0f
cf
c2
97
0e
64
23
ae
2e
c6
70
14
fa
e8
fe
3b
00
00
f5
9c
3b
04
76
02
// frame 135 tick 35488666 ms row 35488666 COAST
02
4b
47
35
4c
44
49
87
00
fb
bf
03
0a
7d
58
f8
41
ae
0f
cf
c2
be
0e
fe
23
6a
31
db
77
f8
f9
cc
fe
3a
00
15
b8
9c
3b
04
72
02
// frame 136 tick 35488716 ms row 35488716 COAST
02
4b
47
35
4c
44
49
88
00
fb
bf
03
0a
73
58
f8
41
a8
0f
cf
c2
d7
0e
7c
24
38
33
9e
7c
b3
f9
07
ff
37
00
2a
8e
9c
3b
04
6f
02
// frame 137 tick 35488766 ms row 35488766 COAST
02
4b
47
35
4c
44
49
89
00
fb
bf
03
0a
6d
58
f8
41
ab
0f
cf
c2
eb
0e
03
25
0d
34
21
7f
ae
f8
2c
02
34
00
2a
3c
9e
3b
04
6b
02
// frame 138 tick 35488816 ms row 35488806 COAST
02
4b
47
35
4c
44
49
8a
00
fb
bf
03
0a
89
58
f8
41
ac
0f
cf
c2
fe
0e
6a
25
fa
31
b0
7a
ae
f9
f0
fe
32
00
35
c7
9f
3b
04
67
02
// frame 139 tick 35488866 ms row 35488846 COAST
02
4b
47
35
4c
44
49
8b
00
fb
bf
03
0a
76
58
f8
41
a8
0f
cf
c2
15
0f
cd
25
e6
2f
33
76
36
fa
63
ff
37
00
4a
57
a0
3b
04
63
02
// frame 140 tick 35488916 ms row 35488916 COAST
02
4b
47
35
4c
44
49
8c
00
fb
bf
03
0a
82
58
f8
41
a3
0f
cf
c2
32
0f
71
26
bf
2c
6d
6f
15
fa
2a
00
39
00
00
db
a0
3b
05
60
02
// frame 141 tick 35488966 ms row 35488966 COAST
02
4b
47
35
4c
44
49
8d
00
fb
bf
03
0a
82
58
f8
41
9d
0f
cf
c2
4b
0f
dd
26
a9
29
92
68
24
fa
1f
fd
3d
00
00
3e
a1
3b
05
5d
02
// frame 142 tick 35489016 ms row 35489006 COAST
02
4b
47
35
4c
44
49
8e
00
fb
bf
03
0a
90
58
f8
41
a3
0f
cf
c2
68
0f
2f
27
96
27
03
64
1b
fa
b7
fe
39
00
00
cd
a0
3b
05
59
02
// frame 143 tick 35489066 ms row 35489066 COAST
02
4b
47
35
4c
44
49
8f
00
fb
bf
03
09
83
58
f8
41
9f
0f
cf
c2
7b
0f
a6
27
75
24
32
5d
6b
f9
b0
fe
41
00
00
c5
9b
3b
05
57
02
// frame 144 tick 35489116 ms row 35489116 COAST
02
4b
47
35
4c
44
49
90
00
fb
bf
03
09
82
58
f8
41
9e
0f
cf
c2
88
0f
04
28
40
26
c0
61
36
f9
99
ff
42
00
00
17
9b
3b
05
54
02
// frame 145 tick 35489166 ms row 35489166 COAST
02
4b
47
35
4c
44
49
91
00
fb
bf
03
09
a0
58
f8
41
a0
0f
cf
c2
9b
0f
6c
28
03
29
a9
68
14
fa
af
00
3a
00
00
9a
9a
3b
05
52
02
// frame 146 tick 35489216 ms row 35489206 COAST
02
4b
47
35
4c
44
49
92
00
fb
bf
03
09
9b
58
f8
41
9b
0f
cf
c2
ab
0f
c3
28
d5
2a
53
6d
1c
f9
23
ff
34
00
00
69
9a
3b
05
50
02
// frame 147 tick 35489266 ms row 35489266 COAST
02
4b
47
35
4c
44
49
93
00
fb
bf
03
09
92
58
f8
41
9e
0f
cf
c2
c8
0f
51
29
90
2d
63
74
2d
f9
a4
ff
26
00
00
15
9a
3b
05
4f
02
// frame 148 tick 35489316 ms row 35489316 COAST
02
4b
47
35
4c
44
49
94
00
fb
bf
03
09
a3
58
f8
41
94
0f
cf
c2
e2
0f
c5
29
5d
2f
25
79
2f
f9
63
00
20
00
2a
e3
99
3b
05
4e
02
// frame 149 tick 35489366 ms row 35489366 COAST
02
4b
47
35
4c
44
49
95
00
fb
bf
03
09
9c
58
f8
41
92
0f
cf
c2
fe
0f
44
2a
27
32
ff
7f
9e
fa
7a
00
20
00
5f
96
99
3b
05
4e
02
// frame 150 tick 35489416 ms row 35489406 COAST
02
4b
47
35
4c
44
49
96
00
fb
bf
03
09
a3
58
f8
41
92
0f
cf
c2
0e
10
ae
2a
f9
33
ff
7f
16
f9
7a
ff
1a
00
5f
b8
99
3b
05
4e
02
// frame 151 tick 35489466 ms row 35489466 COAST
02
4b
47
35
4c
44
49
97
00
fb
bf
03
09
a3
58
f8
41
91
0f
cf
c2
32
10
4c
2b
d8
30
4a
7e
1c
f9
7b
ff
13
00
7f
58
9d
3b
05
4f
02
// frame 152 tick 35489516 ms row 35489516 COAST
02
4b
47
35
4c
44
49
98
00
fb
bf
03
09
ae
58
f8
41
8d
0f
cf
c2
43
10
c0
2b
be
2e
c3
79
2b
f9
90
ff
12
00
b4
32
9e
3b
05
50
02
// frame 153 tick 35489566 ms row 35489566 COAST
02
4b
47
35
4c
44
49
99
00
fb
bf
03
09
ab
58
f8
41
93
0f
cf
c2
5e
10
31
2c
a5
2b
d8
72
b2
f9
1d
00
0e
00
94
54
9e
3b
05
51
02
// frame 154 tick 35489616 ms row 35489606 COAST
02
4b
47
35
4c
44
49
9a
00
fb
bf
03
09
aa
58
f8
41
8f
0f
cf
c2
72
10
87
2c
8e
29
38
6e
85
f8
ee
fc
0d
00
6a
80
9d
3b
05
53
02
// frame 155 tick 35489666 ms row 35489666 COAST
02
4b
47
35
4c
44
49
9b
00
fb
bf
03
09
ae
58
f8
41
8c
0f
cf
c2
89
10
05
2d
67
26
47
67
56
f7
db
fc
14
00
2a
d1
9c
3b
06
56
02
// frame 156 tick 35489716 ms row 35489716 COAST
02
4b
47
35
4c
44
49
9c
00
fb
bf
03
09
b9
58
f8
41
8d
0f
cf
c2
9c
10
5f
2d
48
24
ae
62
a7
f9
35
ff
23
00
00
d9
9c
3b
06
58
02
// frame 157 tick 35489766 ms row 35489766 COAST
02
4b
47
35
4c
44
49
9d
00
fb
bf
03
09
af
58
f8
41
88
0f
cf
c2
ab
10
b5
2d
31
21
ea
5b
6e
f9
fc
fe
1c
00
00
4b
9d
3b
06
5b
02
// frame 158 tick 35489816 ms row 35489806 COAST
02
4b
47
35
4c
44
49
9e
00
fb
bf
03
09
bb
58
f8
41
84
0f
cf
c2
b9
10
f6
2d
1f
1f
85
57
aa
f9
10
00
16
00
00
6e
9d
3b
06
5f
02
// frame 159 tick 35489866 ms row 35489866 COAST
02
4b
47
35
4c
44
49
9f
00
fb
bf
03
09
c4
58
f8
41
88
0f
cf
c2
cf
10
52
2e
00
1c
17
51
ca
f8
c7
fd
1c
00
00
50
9a
3b
06
62
02
// frame 160 tick 35489916 ms row 35489916 COAST
02
4b
47
35
4c
44
49
a0
00
fb
bf
03
09
ba
58
f8
41
88
0f
cf
c2
d7
10
92
2e
e8
19
f7
4c
fe
f9
a9
00
26
00
00
c8
98
3b
06
66
02
// frame 161 tick 35489966 ms row 35489966 COAST
02
4b
47
35
4c
44
49
a1
00
fb
bf
03
09
c0
58
f8
41
85
0f
cf
c2
db
10
ce
2e
d2
16
17
47
ac
f9
0e
ff
22
00
00
88
98
3b
06
69
02
// frame 162 tick 35490016 ms row 35490006 COAST
02
4b
47
35
4c
44
49
a2
00
fb
bf
03
09
af
58
f8
41
83
0f
cf
c2
ee
10
fa
2e
c1
14
6e
43
a4
f9
10
ff
24
00
00
59
98
3b
06
6d
02
// frame 163 tick 35490066 ms row 35490066 COAST
02
4b
47
35
4c
44
49
a3
00
fb
bf
03
09
c4
58
f8
41
85
0f
cf
c2
fe
10
35
2f
a3
11
59
3e
f6
f9
33
ff
24
00
00
14
98
3b
06
71
02
// frame 164 tick 35490116 ms row 35490116 COAST
02
4b
47
35
4c
44
49
a4
00
fb
bf
03
09
c4
58
f8
41
81
0f
cf
c2
f9
10
5e
2f
8b
10
cb
3c
fd
f9
c0
00
2e
00
00
ef
97
3b
06
75
02
// frame 165 tick 35490166 ms row 35490166 COAST
02
4b
47
35
4c
44
49
a5
00
fb
bf
03
09
c8
58
f8
41
84
0f
cf
c2
0d
11
8c
2f
9b
12
47
40
3c
fa
f1
00
1e
00
00
ab
97
3b
06
78
02
// frame 166 tick 35490216 ms row 35490206 COAST
02
4b
47
35
4c
44
49
a6
00
fb
bf
03
09
cb
58
f8
41
83
0f
cf
c2
12
11
b5
2f
73
14
9f
43
3c
fb
f1
fe
01
00
00
7f
97
3b
06
7b
02
// frame 167 tick 35490266 ms row 35490266 COAST
02
4b
47
35
4c
44
49
a7
00
fb
bf
03
09
d0
58
f8
41
82
0f
cf
c2
21
11
fc
2f
35
17
05
49
84
fa
21
ff
ef
ff
00
40
97
3b
06
7f
02
// frame 168 tick 35490316 ms row 35490316 COAST
02
4b
47
35
4c
44
49
a8
00
fb
bf
03
09
ba
58
f8
41
7a
0f
cf
c2
2f
11
39
30
06
19
d7
4c
a4
fa
85
ff
f3
ff
00
12
97
3b
06
81
02
// frame 169 tick 35490366 ms row 35490366 COAST
02
4b
47
35
4c
44
49
a9
00
fb
bf
03
09
cb
58
f8
41
7f
0f
cf
c2
3e
11
80
30
cf
1b
e3
52
10
fa
d3
ff
07
00
00
d7
96
3b
06
84
02
// frame 170 tick 35490416 ms row 35490406 COAST
02
4b
47
35
4c
44
49
aa
00
fb
bf
03
09
d4
58
f8
41
7c
0f
cf
c2
41
11
bc
30
a6
1d
17
57
0f
fa
0f
ff
09
00
00
b1
96
3b
06
86
02
// frame 171 tick 35490466 ms row 35490466 COAST
02
4b
47
35
4c
44
49
ab
00
fb
bf
03
09
c8
58
f8
41
7a
0f
cf
c2
5d
11
20
31
66
20
9b
5d
5e
f9
56
00
20
00
00
78
96
3b
06
88
02
// frame 172 tick 35490516 ms row 35490516 COAST
02
4b
47
35
4c
44
49
ac
00
fb
bf
03
09
d2
58
f8
41
7e
0f
cf
c2
73
11
74
31
38
22
18
62
8c
fa
9e
fe
26
00
00
4d
96
3b
06
89
02
// frame 173 tick 35490566 ms row 35490566 COAST
02
4b
47
35
4c
44
49
ad
00
fb
bf
03
09
cd
58
f8
41
79
0f
cf
c2
7f
11
d1
31
03
25
f6
68
d6
fa
21
ff
34
00
00
18
96
3b
06
8a
02
// frame 174 tick 35490616 ms row 35490606 COAST
02
4b
47
35
4c
44
49
ae
00
fb
bf
03
09
d0
58
f8
41
78
0f
cf
c2
91
11
20
32
d9
26
9d
6d
be
fa
a3
00
36
00
00
ec
95
3b
06
8a
02
// frame 175 tick 35490666 ms row 35490666 COAST
02
4b
47
35
4c
44
49
af
00
fb
bf
03
09
cb
58
f8
41
78
0f
cf
c2
a5
11
a2
32
9b
29
b4
74
e9
f9
51
ff
41
00
00
b4
95
3b
06
8a
02
// frame 176 tick 35490716 ms row 35490716 COAST
02
4b
47
35
4c
44
49
b0
00
fb
bf
03
09
d9
58
f8
41
74
0f
cf
c2
bc
11
0c
33
6f
2b
85
79
4e
fa
0e
01
35
00
2a
8f
95
3b
07
89
02
// frame 177 tick 35490766 ms row 35490766 COAST
02
4b
47
35
4c
44
49
b1
00
fb
bf
03
09
df
58
f8
41
72
0f
cf
c2
d5
11
81
33
3d
2e
ff
7f
a8
fa
32
01
2d
00
5f
56
95
3b
07
88
02
// frame 178 tick 35490816 ms row 35490806 COAST
02
4b
47
35
4c
44
49
b2
00
fb
bf
03
09
df
58
f8
41
74
0f
cf
c2
e8
11
e3
33
16
30
ff
7f
92
fb
3b
ff
25
00
8a
11
95
3b
07
87
02
// frame 179 tick 35490866 ms row 35490866 COAST
02
4b
47
35
4c
44
49
b3
00
fb
bf
03
09
d5
58
f8
41
6c
0f
cf
c2
0f
12
7b
34
da
2e
ff
7f
24
fb
c8
fe
24
00
c9
cf
97
3b
07
85
02
// frame 180 tick 35490916 ms row 35490916 COAST
02
4b
47
35
4c
44
49
b4
00
fb
bf
03
09
e5
58
f8
41
70
0f
cf
c2
1d
12
ea
34
c8
2c
b8
7e
aa
fa
6d
00
1b
00
ff
4a
98
3b
07
82
02
// frame 181 tick 35490966 ms row 35490966 COAST
02
4b
47
35
4c
44
49
b5
00
fb
bf
03
09
ee
58
f8
41
6c
0f
cf
c2
34
12
56
35
b8
29
cc
77
3d
fa
52
00
30
00
ff
9f
97
3b
07
80
02
// frame 182 tick 35491016 ms row 35491006 COAST
02
4b
47
35
4c
44
49
b6
00
fb
bf
03
09
ed
58
f8
41
6a
0f
cf
c2
47
12
a8
35
a3
27
26
73
0e
fa
72
00
47
00
d4
14
97
3b
07
7d
02
// frame 183 tick 35491066 ms row 35491066 COAST
02
4b
47
35
4c
44
49
b7
00
fb
bf
03
09
f4
58
f8
41
6c
0f
cf
c2
5a
12
1f
36
85
24
3c
6c
b5
f6
16
04
59
00
94
b3
96
3b
07
79
02
// frame 184 tick 35491116 ms row 35491116 COAST
02
4b
47
35
4c
44
49
b8
00
fb
bf
03
09
f0
58
f8
41
6a
0f
cf
c2
6d
12
75
36
72
22
bf
67
d4
fd
d3
fb
5e
00
5f
f7
96
3b
07
76
02
// frame 185 tick 35491166 ms row 35491166 COAST
02
4b
47
35
4c
44
49
b9
00
fb
bf
03
09
ed
58
f8
41
68
0f
cf
c2
83
12
c6
36
5d
1f
0a
61
ec
f8
89
01
60
00
2a
89
96
3b
07
72
02
// frame 186 tick 35491216 ms row 35491206 COAST
02
4b
47
35
4c
44
49
ba
00
fb
bf
03
09
ef
58
f8
41
67
0f
cf
c2
8a
12
03
37
4f
1d
b9
5c
21
fb
b2
fe
63
00
00
7b
96
3b
07
6f
02
// frame 187 tick 35491266 ms row 35491266 COAST
02
4b
47
35
4c
44
49
bb
00
fb
bf
03
09
f4
58
f8
41
68
0f
cf
c2
97
12
5a
37
33
1a
71
56
a9
fa
2e
00
59
00
00
80
96
3b
07
6b
02
// frame 188 tick 35491316 ms row 35491316 COAST
02
4b
47
35
4c
44
49
bc
00
fb
bf
03
09
f1
58
f8
41
65
0f
cf
c2
a9
12
96
37
1e
18
73
52
f2
f9
3b
01
45
00
00
b6
96
3b
07
67
02
// frame 189 tick 35491366 ms row 35491366 COAST
02
4b
47
35
4c
44
49
bd
00
fb
bf
03
09
ee
58
f8
41
68
0f
cf
c2
b7
12
cd
37
10
15
da
4c
88
fa
65
00
2a
00
00
7b
96
3b
07
63
02
// frame 190 tick 35491416 ms row 35491406 COAST
02
4b
47
35
4c
44
49
be
00
fb
bf
03
09
06
59
f8
41
61
0f
cf
c2
bb
12
f7
37
f7
14
d7
4c
fe
fb
10
fe
1b
00
00
73
93
3b
07
60
02
// frame 191 tick 35491466 ms row 35491466 COAST
02
4b
47
35
4c
44
49
bf
00
fb
bf
03
09
02
59
f8
41
61
0f
cf
c2
d1
12
40
38
ba
17
5b
52
f1
f9
f2
ff
f9
ff
00
e3
92
3b
07
5d
02
// frame 192 tick 35491516 ms row 35491516 COAST
02
4b
47
35
4c
44
49
c0
00
fb
bf
03
09
06
59
f8
41
62
0f
cf
c2
de
12
7f
38
90
19
48
56
f0
fa
8a
ff
e4
ff
00
af
92
3b
08
59
02
// frame 193 tick 35491566 ms row 35491566 COAST
02
4b
47
35
4c
44
49
c1
00
fb
bf
03
09
04
59
f8
41
61
0f
cf
c2
dc
12
c6
38
61
1c
7e
5c
59
fc
04
fe
e0
ff
00
7d
92
3b
08
57
02
// frame 194 tick 35491616 ms row 35491606 COAST
02
4b
47
35
4c
44
49
c2
00
fb
bf
03
09
12
59
f8
41
61
0f
cf
c2
f8
12
03
39
3c
1e
cc
60
32
fb
3a
ff
e6
ff
00
50
92
3b
08
54
02
// frame 195 tick 35491666 ms row 35491666 COAST
02
4b
47
35
4c
44
49
c3
00
fb
bf
03
09
fa
58
f8
41
5c
0f
cf
c2
03
13
69
39
06
21
7f
67
51
fb
78
ff
0c
00
00
0a
92
3b
08
52
02
// frame 196 tick 35491716 ms row 35491716 COAST
02
4b
47
35
4c
44
49
c4
00
fb
bf
03
09
04
59
f8
41
5d
0f
cf
c2
1a
13
bf
39
dd
22
15
6c
ff
fa
c9
00
1d
00
00
ed
91
3b
08
50
02
// frame 197 tick 35491766 ms row 35491766 COAST
02
4b
47
35
4c
44
49
c5
00
fb
bf
03
0a
0a
59
f8
41
57
0f
cf
c2
2a
13
1e
3a
aa
25
10
73
c6
fa
d4
00
39
00
00
bc
91
3b
08
4f
02
// frame 198 tick 35491816 ms row 35491806 COAST
02
4b
47
35
4c
44
49
c6
00
fb
bf
03
0a
03
59
f8
41
5a
0f
cf
c2
33
13
6e
3a
84
27
cf
77
b5
fa
ab
ff
3f
00
0a
90
91
3b
08
4e
02
// frame 199 tick 35491866 ms row 35491866 COAST
02
4b
47
35
4c
44
49
c7
00
fb
bf
03
0a
0d
59
f8
41
59
0f
cf
c2
56
13
f2
3a
49
2a
03
7f
fa
fa
bc
ff
43
00
4a
50
91
3b
08
4e
02
// frame 200 tick 35491916 ms row 35491916 COAST
02
4b
47
35
4c
44
49
c8
00
fb
bf
03
0a
12
59
f8
41
55
0f
cf
c2
66
13
5e
3b
1a
2c
ff
7f
6b
fb
1b
ff
3b
00
7f
3a
91
3b
08
4e
02
// frame 201 tick 35491966 ms row 35491966 COAST
02
4b
47
35
4c
44
49
c9
00
fb
bf
03
0a
17
59
f8
41
53
0f
cf
c2
82
13
d3
3b
f0
2c
ff
7f
83
fa
1c
ff
21
00
b4
ce
92
3b
08
4f
02
// frame 202 tick 35492016 ms row 35492006 COAST
02
4b
47
35
4c
44
49
ca
00
fb
bf
03
0a
11
59
f8
41
53
0f
cf
c2
90
13
2b
3c
df
2a
ff
7f
08
fa
bc
01
14
00
df
a5
93
3b
08
50
02
// frame 203 tick 35492066 ms row 35492066 COAST
02
4b
47
35
4c
44
49
cb
00
fb
bf
03
0a
25
59
f8
41
4f
0f
cf
c2
ad
13
ad
3c
c2
27
b6
7a
03
fa
5e
01
fe
ff
ff
52
93
3b
08
51
02
// frame 204 tick 35492116 ms row 35492116 COAST
02
4b
47
35
4c
44
49
cc
00
fb
bf
03
0a
29
59
f8
41
4c
0f
cf
c2
c2
13
0a
3d
ac
25
19
76
6a
fa
50
ff
f3
ff
df
0e
93
3b
08
53
02
// frame 205 tick 35492166 ms row 35492166 COAST
02
4b
47
35
4c
44
49
cd
00
fb
bf
03
0a
16
59
f8
41
51
0f
cf
c2
d0
13
64
3d
9b
22
3a
6f
c8
f9
bd
fd
ec
ff
a9
6b
92
3b
09
56
02
// frame 206 tick 35492216 ms row 35492206 COAST
02
4b
47
35
4c
44
49
ce
00
fb
bf
03
0a
1e
59
f8
41
4b
0f
cf
c2
dd
13
a8
3d
8d
20
be
6a
7e
fa
74
fe
f0
ff
7f
a6
92
3b
09
58
02
// frame 207 tick 35492266 ms row 35492266 COAST
02
4b
47
35
4c
44
49
cf
00
fb
bf
03
0a
24
59
f8
41
49
0f
cf
c2
ef
13
08
3e
77
1d
30
64
eb
fa
b9
01
06
00
3f
87
92
3b
09
5b
02
// frame 208 tick 35492316 ms row 35492316 COAST
02
4b
47
35
4c
44
49
d0
00
fb
bf
03
0a
1e
59
f8
41
4c
0f
cf
c2
fa
13
4d
3e
62
1b
f4
5f
ff
f8
bb
fd
21
00
0a
45
92
3b
09
5f
02
// frame 209 tick 35492366 ms row 35492366 COAST
02
4b
47
35
4c
44
49
d1
00
fb
bf
03
0a
31
59
f8
41
4b
0f
cf
c2
08
14
8c
3e
57
18
e9
59
b3
fa
07
00
2c
00
00
44
92
3b
09
62
02
// frame 210 tick 35492416 ms row 35492406 COAST
02
4b
47
35
4c
44
49
d2
00
fb
bf
03
0a
29
59
f8
41
47
0f
cf
c2
11
14
bb
3e
47
16
14
56
17
fb
b7
ff
3a
00
00
53
92
3b
09
66
02
// frame 211 tick 35492466 ms row 35492466 COAST
02
4b
47
35
4c
44
49
d3
00
fb
bf
03
0a
21
59
f8
41
49
0f
cf
c2
25
14
fb
3e
34
13
c5
50
57
fb
8f
00
4d
00
00
6b
92
3b
09
69
02
// frame 212 tick 35492516 ms row 35492516 COAST
02
4b
47
35
4c
44
49
d4
00
fb
bf
03
0a
25
59
f8
41
45
0f
cf
c2
28
14
26
3f
3d
11
b1
4d
c3
fb
5f
ff
4e
00
00
7c
90
3b
09
6d
02
// frame 213 tick 35492566 ms row 35492566 COAST
02
4b
47
35
4c
44
49
d5
00
fb
bf
03
0a
24
59
f8
41
4c
0f
cf
c2
35
14
58
3f
0a
14
98
52
43
fb
37
00
3a
00
00
25
8f
3b
09
71
02
// frame 214 tick 35492616 ms row 35492606 COAST
02
4b
47
35
4c
44
49
d6
00
fb
bf
03
0a
24
59
f8
41
46
0f
cf
c2
3e
14
85
3f
e3
15
22
56
e2
fa
af
ff
2c
00
00
ff
8e
3b
09
75
02
// frame 215 tick 35492666 ms row 35492666 COAST
02
4b
47
35
4c
44
49
d7
00
fb
bf
03
0a
33
59
f8
41
46
0f
cf
c2
4f
14
d0
3f
aa
18
d7
5b
7d
fa
e6
fe
12
00
00
d2
8e
3b
09
78
02
// frame 216 tick 35492716 ms row 35492716 COAST
02
4b
47
35
4c
44
49
d8
00
fb
bf
03
0a
2c
59
f8
41
44
0f
cf
c2
5b
14
11
40
82
1a
e3
5f
87
fa
e7
fe
05
00
00
a7
8e
3b
09
7b
02
// frame 217 tick 35492766 ms row 35492766 COAST
02
4b
47
35
4c
44
49
d9
00
fb
bf
03
09
3c
59
f8
41
40
0f
cf
c2
6b
14
5b
40
53
1d
3c
66
29
fc
ec
00
f2
ff
00
5f
8e
3b
09
7f
02
// frame 218 tick 35492816 ms row 35492806 COAST
02
4b
47
35
4c
44
49
da
00
fb
bf
03
09
3c
59
f8
41
41
0f
cf
c2
73
14
9a
40
30
1f
a5
6a
7f
fb
f9
ff
ea
ff
00
44
8e
3b
09
81
02
// frame 219 tick 35492866 ms row 35492866 COAST
02
4b
47
35
4c
44
49
db
00
fb
bf
03
09
44
59
f8
41
40
0f
cf
c2
86
14
03
41
f8
21
73
71
02
fb
40
ff
e7
ff
00
0a
8e
3b
09
84
02
// frame 220 tick 35492916 ms row 35492916 COAST
02
4b
47
35
4c
44
49
dc
00
fb
bf
03
09
36
59
f8
41
3e
0f
cf
c2
99
14
5b
41
d0
23
20
76
55
fb
93
ff
ea
ff
12
e6
8d
3b
09
86
02
// frame 221 tick 35492966 ms row 35492966 COAST
02
4b
47
35
4c
44
49
dd
00
fb
bf
03
09
41
59
f8
41
3d
0f
cf
c2
ae
14
bd
41
a3
26
41
7d
a9
fb
e9
ff
f6
ff
47
b3
8d
3b
09
88
02
// frame 222 tick 35493016 ms row 35493006 COAST
02
4b
47
35
4c
44
49
de
00
fb
bf
03
09
3d
59
f8
41
40
0f
cf
c2
b8
14
0f
42
82
28
ff
7f
bd
fc
cb
00
fd
ff
72
93
8d
3b
0a
89
02
// frame 223 tick 35493066 ms row 35493066 COAST
02
4b
47
35
4c
44
49
df
00
fb
bf
03
09
4b
59
f8
41
3a
0f
cf
c2
da
14
94
42
59
29
ff
7f
80
fc
af
00
0e
00
b1
eb
8e
3b
0a
8a
02
// frame 224 tick 35493116 ms row 35493116 COAST
02
4b
47
35
4c
44
49
e0
00
fb
bf
03
09
3d
59
f8
41
3b
0f
cf
c2
e8
14
f5
42
4b
27
ff
7f
31
fb
61
ff
15
00
e6
b5
8f
3b
0a
8a
02
// frame 225 tick 35493166 ms row 35493166 COAST
02
4b
47
35
4c
44
49
e1
00
fb
bf
03
09
4e
59
f8
41
3d
0f
cf
c2
fc
14
53
43
44
24
38
79
c0
fc
c8
00
1e
00
ff
61
8f
3b
0a
8a
02
// frame 226 tick 35493216 ms row 35493206 COAST
02
4b
47
35
4c
44
49
e2
00
fb
bf
03
09
41
59
f8
41
33
0f
cf
c2
0d
15
9a
43
3f
22
bf
74
20
fc
51
00
2a
00
f4
09
8f
3b
0a
89
02
// frame 227 tick 35493266 ms row 35493266 COAST
02
4b
47
35
4c
44
49
e3
00
fb
bf
03
09
55
59
f8
41
37
0f
cf
c2
29
15
00
44
2f
1f
19
6e
42
fd
88
01
1d
00
b4
69
8e
3b
0a
88
02
// frame 228 tick 35493316 ms row 35493316 COAST
02
4b
47
35
4c
44
49
e4
00
fb
bf
03
09
5d
59
f8
41
30
0f
cf
c2
2c
15
49
44
22
1d
ce
69
37
fe
40
02
1f
00
7f
8a
8e
3b
0a
87
02
// frame 229 tick 35493366 ms row 35493366 COAST
02
4b
47
35
4c
44
49
e5
00
fb
bf
03
09
48
59
f8
41
34
0f
cf
c2
37
15
8d
44
1c
1a
97
63
c5
fd
89
00
21
00
4a
63
8e
3b
0a
85
02
// frame 230 tick 35493416 ms row 35493406 COAST
02
4b
47
35
4c
44
49
e6
00
fb
bf
03
09
45
59
f8
41
34
0f
cf
c2
49
15
bf
44
17
18
a8
5f
d8
fb
62
ff
1d
00
1f
41
8e
3b
0a
82
02
// frame 231 tick 35493466 ms row 35493466 COAST
02
4b
47
35
4c
44
49
e7
00
fb
bf
03
09
5e
59
f8
41
2e
0f
cf
c2
4f
15
05
45
0b
15
19
5a
dc
fb
02
00
19
00
00
37
8e
3b
0a
80
02
// frame 232 tick 35493516 ms row 35493516 COAST
02
4b
47
35
4c
44
49
e8
00
fb
bf
03
09
59
59
f8
41
35
0f
cf
c2
5c
15
34
45
00
13
aa
56
ec
fb
9c
ff
15
00
00
53
8e
3b
0a
7d
02
// frame 233 tick 35493566 ms row 35493566 DESCENT
02
4b
47
35
4c
44
49
e9
00
f4
bf
03
09
52
59
f8
41
30
0f
cf
c2
63
15
5f
45
fb
0f
fc
51
22
fc
e6
ff
19
00
00
75
8e
3b
64
6c
02
// frame 234 tick 35493616 ms row 35493606 DESCENT
02
4b
47
35
4c
44
49
ea
00
f4
bf
03
0a
4b
59
f8
41
2d
0f
cf
c2
68
15
7e
45
07
0f
b7
50
fd
fb
6e
00
1a
00
00
77
8d
3b
63
6c
02
// frame 235 tick 35493666 ms row 35493647 DESCENT
02
4b
47
35
4c
44
49
eb
00
f4
bf
03
0a
64
59
f8
41
31
0f
cf
c2
73
15
9f
45
e7
10
a7
53
ac
fb
b5
ff
1e
00
00
ba
8b
3b
63
6c
02
// frame 236 tick 35493716 ms row 35493706 DESCENT
02
4b
47
35
4c
44
49
ec
00
f4
bf
03
0a
5c
59
f8
41
2f
0f
cf
c2
82
15
db
45
b7
13
8e
58
03
fc
57
ff
22
00
00
8c
8b
3b
62
6c
02
// frame 237 tick 35493766 ms row 35493752 DESCENT
02
4b
47
35
4c
44
49
ed
00
f4
bf
03
0a
62
59
f8
41
2d
0f
cf
c2
8a
15
0a
46
96
15
21
5c
25
fc
f6
ff
27
00
00
6f
8b
3b
62
6c
02
// frame 238 tick 35493816 ms row 35493796 DESCENT
02
4b
47
35
4c
44
49
ee
00
f4
bf
03
0a
56
59
f8
41
2b
0f
cf
c2
97
15
40
46
75
17
ed
5f
be
fc
d4
ff
28
00
00
52
8b
3b
62
6c
02
// frame 239 tick 35493866 ms row 35493836 DESCENT
02
4b
47
35
4c
44
49
ef
00
f4
bf
03
0a
5d
59
f8
41
2e
0f
cf
c2
a0
15
74
46
56
19
e8
63
7f
fc
80
00
2d
00
00
33
8b
3b
61
6c
02
// frame 240 tick 35493916 ms row 35493916 DESCENT
02
4b
47
35
4c
44
49
f0
00
f4
bf
03
0a
63
59
f8
41
2b
0f
cf
c2
b7
15
e8
46
18
1d
61
6c
72
fc
ea
ff
37
00
00
f5
8a
3b
61
6c
02
// frame 241 tick 35493966 ms row 35493956 DESCENT
02
4b
47
35
4c
44
49
f1
00
f4
bf
03
09
68
59
f8
41
2a
0f
cf
c2
bd
15
28
47
f9
1e
d4
70
95
fc
98
ff
37
00
00
d7
8a
3b
61
6c
02
// frame 242 tick 35494016 ms row 35493996 DESCENT
02
4b
47
35
4c
44
49
f2
00
f4
bf
03
09
5b
59
f8
41
27
0f
cf
c2
d2
15
6b
47
dc
20
6b
75
9e
fc
5a
ff
3e
00
00
b9
8a
3b
60
6c
02
// frame 243 tick 35494066 ms row 35494036 DESCENT
02
4b
47
35
4c
44
49
f3
00
f4
bf
03
09
62
59
f8
41
27
0f
cf
c2
dc
15
b3
47
bf
22
1c
7a
96
fc
22
00
3c
00
00
9f
8a
3b
60
6c
02
// frame 244 tick 35494116 ms row 35494116 DESCENT
02
4b
47
35
4c
44
49
f4
00
f4
bf
03
09
6e
59
f8
41
25
0f
cf
c2
f5
15
4d
48
85
26
ff
7f
72
fc
8e
ff
34
00
00
63
8a
3b
60
6c
02
// frame 245 tick 35494166 ms row 35494156 DESCENT
02
4b
47
35
4c
44
49
f5
00
f4
bf
03
09
72
59
f8
41
22
0f
cf
c2
0c
16
a0
48
68
28
ff
7f
4e
fc
48
00
33
00
00
47
8a
3b
5f
6c
02
// frame 246 tick 35494216 ms row 35494196 DESCENT
02
4b
47
35
4c
44
49
f6
00
f4
bf
03
09
6e
59
f8
41
24
0f
cf
c2
24
16
f7
48
4b
2a
ff
7f
bf
fc
a4
ff
2e
00
00
2a
8a
3b
5f
6c
02
// frame 247 tick 35494266 ms row 35494236 DESCENT
02
4b
47
35
4c
44
49
f7
00
f4
bf
03
09
72
59
f8
41
1f
0f
cf
c2
34
16
51
49
2e
2c
ff
7f
85
fc
ed
ff
2b
00
00
12
8a
3b
5f
6c
02
// frame 248 tick 35494316 ms row 35494316 DESCENT
02
4b
47
35
4c
44
49
f8
00
f4
bf
03
09
74
59
f8
41
1e
0f
cf
c2
5b
16
12
4a
f3
2f
ff
7f
87
fc
bd
ff
27
00
00
d8
89
3b
5f
6c
02
// frame 249 tick 35494366 ms row 35494356 DESCENT
02
4b
47
35
4c
44
49
f9
00
f4
bf
03
09
7a
59
f8
41
1d
0f
cf
c2
72
16
79
4a
d4
31
ff
7f
9e
fc
2d
00
26
00
00
bd
89
3b
5e
6c
02
// frame 250 tick 35494416 ms row 35494396 DESCENT
02
4b
47
35
4c
44
49
fa
00
f4
bf
03
09
89
59
f8
41
19
0f
cf
c2
84
16
e3
4a
b6
33
ff
7f
80
fc
17
00
24
00
00
a5
89
3b
5e
6c
02
// frame 251 tick 35494466 ms row 35494436 DESCENT
02
4b
47
35
4c
44
49
fb
00
f4
bf
03
09
7f
59
f8
41
1b
0f
cf
c2
9f
16
51
4b
99
35
ff
7f
c3
fc
bc
ff
21
00
00
89
89
3b
5e
6c
02
// frame 252 tick 35494516 ms row 35494516 DESCENT
02
4b
47
35
4c
44
49
fc
00
f4
bf
03
09
89
59
f8
41
16
0f
cf
c2
c8
16
39
4c
5f
39
ff
7f
86
fc
0f
00
15
00
00
4d
89
3b
5e
6c
02
// frame 253 tick 35494566 ms row 35494556 DESCENT
02
4b
47
35
4c
44
49
fd
00
f4
bf
03
09
87
59
f8
41
12
0f
cf
c2
e2
16
b2
4c
42
3b
ff
7f
17
fd
59
ff
14
00
00
2f
89
3b
5d
6c
02
// frame 254 tick 35494616 ms row 35494596 DESCENT
02
4b
47
35
4c
44
49
fe
00
f4
bf
03
09
82
59
f8
41
12
0f
cf
c2
f5
16
30
4d
26
3d
ff
7f
bb
fc
cd
ff
17
00
00
17
89
3b
5d
6c
02
// frame 255 tick 35494666 ms row 35494636 DESCENT
02
4b
47
35
4c
44
49
ff
00
f4
bf
03
09
8c
59
f8
41
14
0f
cf
c2
11
17
b1
4d
09
3f
ff
7f
59
fc
2a
00
13
00
00
f7
88
3b
5d
6c
02
// frame 256 tick 35494716 ms row 35494716 DESCENT
02
4b
47
35
4c
44
49
00
01
f4
bf
03
09
91
59
f8
41
0e
0f
cf
c2
44
17
bf
4e
cf
42
ff
7f
28
fd
52
ff
17
00
00
c2
88
3b
5d
6c
02
// frame 257 tick 35494766 ms row 35494756 DESCENT
02
4b
47
35
4c
44
49
01
01
f4
bf
03
09
9b
59
f8
41
0c
0f
cf
c2
6a
17
4c
4f
b0
44
ff
7f
8b
fc
f7
ff
19
00
00
a6
88
3b
5d
6c
02
// frame 258 tick 35494816 ms row 35494796 DESCENT
02
4b
47
35
4c
44
49
02
01
f4
bf
03
09
9a
59
f8
41
0a
0f
cf
c2
82
17
dd
4f
93
46
ff
7f
a9
fc
e1
ff
1e
00
00
8b
88
3b
5d
6c
02
// frame 259 tick 35494866 ms row 35494836 DESCENT
02
4b
47
35
4c
44
49
03
01
f4
bf
03
09
9c
59
f8
41
05
0f
cf
c2
a2
17
71
50
76
48
ff
7f
d3
fc
bc
ff
21
00
00
71
88
3b
5c
6c
02
// frame 260 tick 35494916 ms row 35494916 DESCENT
02
4b
47
35
4c
44
49
04
01
f4
bf
03
09
a4
59
f8
41
04
0f
cf
c2
d6
17
9a
51
60
47
ff
7f
b7
fc
d2
ff
24
00
00
3e
88
3b
5c
6c
02
// frame 261 tick 35494966 ms row 35494956 DESCENT
02
4b
47
35
4c
44
49
05
01
f4
bf
03
09
bb
59
f8
41
02
0f
cf
c2
f3
17
28
52
5a
45
ff
7f
fa
fc
8f
ff
25
00
00
24
88
3b
5c
6c
02
// frame 262 tick 35495016 ms row 35494996 DESCENT
02
4b
47
35
4c
44
49
06
01
f4
bf
03
09
aa
59
f8
41
fe
0e
cf
c2
15
18
b2
52
54
43
ff
7f
64
fc
21
00
2a
00
00
08
88
3b
5c
6c
02
// frame 263 tick 35495066 ms row 35495036 DESCENT
02
4b
47
35
4c
44
49
07
01
f4
bf
03
09
b8
59
f8
41
00
0f
cf
c2
2f
18
38
53
4e
41
ff
7f
73
fc
31
00
2c
00
00
f0
87
3b
5c
6c
02
// frame 264 tick 35495116 ms row 35495116 DESCENT
02
4b
47
35
4c
44
49
08
01
f4
bf
03
09
b5
59
f8
41
fa
0e
cf
c2
60
18
37
54
43
3d
ff
7f
a9
fc
d1
ff
2c
00
00
bc
87
3b
5c
6c
02
// frame 265 tick 35495166 ms row 35495156 DESCENT
02
4b
47
35
4c
44
49
09
01
f4
bf
03
09
b7
59
f8
41
f7
0e
cf
c2
7d
18
b0
54
3c
3b
ff
7f
27
fc
72
00
2a
00
00
a5
87
3b
5c
6c
02
// frame 266 tick 35495216 ms row 35495196 DESCENT
02
4b
47
35
4c
44
49
0a
01
f4
bf
03
09
b8
59
f8
41
f5
0e
cf
c2
92
18
25
55
37
39
ff
7f
af
fc
b1
ff
22
00
00
8a
87
3b
5c
6c
02
// frame 267 tick 35495266 ms row 35495236 DESCENT
02
4b
47
35
4c
44
49
0b
01
f4
bf
03
09
c0
59
f8
41
f4
0e
cf
c2
a4
18
96
55
32
37
ff
7f
cc
fc
b1
ff
1c
00
00
6f
87
3b
5c
6c
02
// frame 268 tick 35495316 ms row 35495316 DESCENT
02
4b
47
35
4c
44
49
0c
01
f4
bf
03
09
c9
59
f8
41
ef
0e
cf
c2
d5
18
6c
56
2a
33
ff
7f
ce
fc
ac
ff
1d
00
00
41
87
3b
5c
6c
02
// frame 269 tick 35495366 ms row 35495356 DESCENT
02
4b
47
35
4c
44
49
0d
01
f4
bf
03
09
c4
59
f8
41
ee
0e
cf
c2
e6
18
d0
56
25
31
ff
7f
9b
fc
d9
ff
1e
00
00
25
87
3b
5c
6c
02
// frame 270 tick 35495416 ms row 35495396 DESCENT
02
4b
47
35
4c
44
49
0e
01
f4
bf
03
0a
df
59
f8
41
f0
0e
cf
c2
f6
18
31
57
21
2f
ff
7f
5a
fc
52
00
1d
00
00
0d
87
3b
5c
6c
02
// frame 271 tick 35495466 ms row 35495436 DESCENT
02
4b
47
35
4c
44
49
0f
01
f4
bf
03
0a
d1
59
f8
41
ef
0e
cf
c2
0a
19
8d
57
1d
2d
ff
7f
58
fd
f8
fe
1e
00
00
f6
86
3b
5c
6c
02
// frame 272 tick 35495516 ms row 35495516 DESCENT
02
4b
47
35
4c
44
49
10
01
f4
bf
03
0a
dc
59
f8
41
e9
0e
cf
c2
38
19
39
58
13
29
ff
7f
e2
fc
5d
ff
1e
00
00
c4
86
3b
5c
6c
02
// frame 273 tick 35495566 ms row 35495556 DESCENT
02
4b
47
35
4c
44
49
11
01
f4
bf
03
0a
e9
59
f8
41
e9
0e
cf
c2
3c
19
89
58
0e
27
ff
7f
c8
fc
b9
ff
1f
00
00
ac
86
3b
5c
6c
02
// frame 274 tick 35495616 ms row 35495596 DESCENT
02
4b
47
35
4c
44
49
12
01
f4
bf
03
0a
d9
59
f8
41
ea
0e
cf
c2
53
19
d5
58
09
25
ff
7f
73
fc
c2
ff
20
00
00
96
86
3b
5c
6c
02
// frame 275 tick 35495666 ms row 35495636 DESCENT
02
4b
47
35
4c
44
49
13
01
f4
bf
03
0a
ea
59
f8
41
e3
0e
cf
c2
5c
19
1d
59
03
23
ff
7f
73
fc
cc
ff
1f
00
00
7b
86
3b
5d
6c
02
// frame 276 tick 35495716 ms row 35495716 DESCENT
02
4b
47
35
4c
44
49
14
01
f4
bf
03
0a
e7
59
f8
41
e6
0e
cf
c2
77
19
9f
59
f8
1e
ff
7f
37
fc
20
00
20
00
00
4d
86
3b
5d
6c
02
// frame 277 tick 35495766 ms row 35495756 DESCENT
02
4b
47
35
4c
44
49
15
01
f4
bf
03
0a
da
59
f8
41
e5
0e
cf
c2
82
19
db
59
f3
1c
45
7f
60
fc
5f
00
1f
00
00
31
86
3b
5d
6c
02
// frame 278 tick 35495816 ms row 35495796 DESCENT
02
4b
47
35
4c
44
49
16
01
f4
bf
03
0a
e7
59
f8
41
e3
0e
cf
c2
8a
19
12
5a
ee
1a
0f
7b
9f
fc
02
00
20
00
00
1f
86
3b
5d
6c
02
// frame 279 tick 35495866 ms row 35495836 DESCENT
02
4b
47
35
4c
44
49
17
01
f4
bf
03
0a
e5
59
f8
41
e6
0e
cf
c2
92
19
45
5a
e8
18
02
77
99
fc
ce
ff
1d
00
00
09
86
3b
5d
6c
02
// frame 280 tick 35495916 ms row 35495916 DESCENT
02
4b
47
35
4c
44
49
18
01
f4
bf
03
0a
de
59
f8
41
e4
0e
cf
c2
a6
19
9e
5a
dd
14
76
6f
7e
fc
fc
ff
19
00
00
df
85
3b
5d
6c
02
// frame 281 tick 35495966 ms row 35495956 DESCENT
02
4b
47
35
4c
44
49
19
01
f4
bf
03
0a
f3
59
f8
41
e2
0e
cf
c2
b1
19
c5
5a
d7
12
06
6c
ef
fc
cf
ff
12
00
00
cb
85
3b
5e
6c
02
// frame 282 tick 35496016 ms row 35495996 DESCENT
02
4b
47
35
4c
44
49
1a
01
f4
bf
03
0a
e4
59
f8
41
e0
0e
cf
c2
b3
19
e7
5a
d2
10
d9
68
c6
fc
c7
ff
0d
00
00
b0
85
3b
5e
6c
02
// frame 283 tick 35496066 ms row 35496036 DESCENT
02
4b
47
35
4c
44
49
1b
01
f4
bf
03
0a
f4
59
f8
41
df
0e
cf
c2
bd
19
05
5b
cc
0e
f3
65
64
fc
cb
ff
0d
00
00
97
85
3b
5e
6c
02
// frame 284 tick 35496116 ms row 35496116 DESCENT
02
4b
47
35
4c
44
49
1c
01
f4
bf
03
0a
f0
59
f8
41
de
0e
cf
c2
d1
19
35
5b
c1
0a
1a
61
72
fc
35
00
02
00
00
6a
85
3b
5e
6c
02
// frame 285 tick 35496166 ms row 35496156 DESCENT
02
4b
47
35
4c
44
49
1d
01
f4
bf
03
0a
f5
59
f8
41
e0
0e
cf
c2
c7
19
47
5b
bb
08
32
5f
81
fc
5b
00
ff
ff
00
53
85
3b
5f
6c
02
// frame 286 tick 35496216 ms row 35496196 DESCENT
02
4b
47
35
4c
44
49
1e
01
f4
bf
03
0a
e9
59
f8
41
de
0e
cf
c2
ca
19
55
5b
b7
06
a9
5d
82
fc
21
00
ff
ff
00
3c
85
3b
5f
6c
02
// frame 287 tick 35496266 ms row 35496236 DESCENT
02
4b
47
35
4c
44
49
1f
01
f4
bf
03
0a
eb
59
f8
41
df
0e
cf
c2
ca
19
5e
5b
b2
04
83
5c
bb
fc
f5
ff
fc
ff
00
2a
85
3b
5f
6c
02
// frame 288 tick 35496316 ms row 35496316 DESCENT
02
4b
47
35
4c
44
49
20
01
f4
bf
03
0a
ec
59
f8
41
df
0e
cf
c2
d2
19
65
5b
a7
00
6b
5b
85
fc
c7
ff
fa
ff
00
ff
84
3b
5f
6c
02
// frame 289 tick 35496366 ms row 35496356 DESCENT
02
4b
47
35
4c
44
49
21
01
f4
bf
03
0a
f3
59
f8
41
e0
0e
cf
c2
d2
19
62
5b
a3
fe
62
5b
b9
fc
be
ff
fa
ff
00
e8
84
3b
60
76
02
// frame 290 tick 35496416 ms row 35496396 DESCENT
02
4b
47
35
4c
44
49
22
01
f4
bf
03
0a
f1
59
f8
41
db
0e
cf
c2
d2
19
5b
5b
9e
fc
5b
5b
a9
fc
69
ff
fb
ff
00
d2
84
3b
60
80
02
// frame 291 tick 35496466 ms row 35496436 DESCENT
02
4b
47
35
4c
44
49
23
01
f4
bf
03
0a
ea
59
f8
41
e0
0e
cf
c2
c8
19
50
5b
99
fa
50
5b
a8
fc
80
ff
fa
ff
00
bd
84
3b
60
8a
02
// frame 292 tick 35496516 ms row 35496516 DESCENT
02
4b
47
35
4c
44
49
24
01
f4
bf
03
0a
f6
59
f8
41
de
0e
cf
c2
c8
19
2d
5b
90
f6
2d
5b
f9
fc
c7
ff
fc
ff
00
93
84
3b
61
94
02
// frame 293 tick 35496566 ms row 35496556 DESCENT
02
4b
47
35
4c
44
49
25
01
f4
bf
03
0a
ed
59
f8
41
de
0e
cf
c2
bb
19
16
5b
8b
f4
16
5b
7e
fc
93
ff
00
00
00
7b
84
3b
61
9e
02
// frame 294 tick 35496766 ms row 35496756 DESCENT
02
4b
47
35
4c
44
49
26
01
f4
bf
03
0a
f3
59
f8
41
dd
0e
cf
c2
95
19
68
5a
62
ed
68
5a
e1
fc
1f
00
0a
00
00
0f
84
3b
62
c6
02
// frame 295 tick 35496966 ms row 35496926 DESCENT
02
4b
47
35
4c
44
49
27
01
f4
bf
03
0a
f5
59
f8
41
db
0e
cf
c2
83
19
f2
59
e5
f5
f2
59
b9
fc
b0
ff
11
00
00
ae
83
3b
64
ee
02
// frame 296 tick 35497166 ms row 35497146 DESCENT
02
4b
47
35
4c
44
49
28
01
f4
bf
03
0a
00
5a
f8
41
db
0e
cf
c2
7f
19
c1
59
49
00
c2
59
e0
fc
27
00
16
00
00
43
83
3b
65
16
03
// frame 297 tick 35497366 ms row 35497346 DESCENT
02
4b
47
35
4c
44
49
29
01
f4
bf
03
0a
f8
59
f8
41
d6
0e
cf
c2
86
19
fb
59
bb
09
d4
5e
d2
fc
08
00
21
00
00
dd
82
3b
67
3e
03
// frame 298 tick 35497566 ms row 35497546 DESCENT
02
4b
47
35
4c
44
49
2a
01
f4
bf
03
0a
fc
59
f8
41
d9
0e
cf
c2
9e
19
96
5a
2c
13
6a
6c
ba
fc
a0
ff
1a
00
00
79
82
3b
68
66
03
// frame 299 tick 35497766 ms row 35497746 DESCENT
02
4b
47
35
4c
44
49
2b
01
f4
bf
03
0a
f2
59
f8
41
dd
0e
cf
c2
d8
19
92
5b
9e
1c
ff
7f
c1
fc
84
ff
1b
00
00
1c
82
3b
69
6c
02
// frame 300 tick 35497966 ms row 35497957 DESCENT
02
4b
47
35
4c
44
49
2c
01
f4
bf
03
0a
f9
59
f8
41
d6
0e
cf
c2
20
1a
fe
5c
0b
26
ff
7f
af
fc
d4
ff
2a
00
00
ba
81
3b
6a
6c
02
// frame 301 tick 35498166 ms row 35498166 DESCENT
02
4b
47
35
4c
44
49
2d
01
f4
bf
03
0a
08
5a
f8
41
d0
0e
cf
c2
7b
1a
d8
5e
71
30
ff
7f
c4
fc
ea
ff
45
00
00
55
81
3b
6b
6c
02
// frame 302 tick 35498366 ms row 35498366 DESCENT
02
4b
47
35
4c
44
49
2e
01
f4
bf
03
0a
10
5a
f8
41
ca
0e
cf
c2
f1
1a
fe
60
e4
39
ff
7f
dd
fc
f1
ff
40
00
00
00
81
3b
6c
6c
02
// frame 303 tick 35498566 ms row 35498526 DESCENT
02
4b
47
35
4c
44
49
2f
01
f4
bf
03
0a
17
5a
f8
41
c4
0e
cf
c2
4b
1b
eb
62
a2
3a
ff
7f
de
fc
ed
ff
1e
00
00
b5
80
3b
6c
6c
02
// frame 304 tick 35498766 ms row 35498756 DESCENT
02
4b
47
35
4c
44
49
30
01
f4
bf
03
0a
27
5a
f8
41
bd
0e
cf
c2
cf
1b
53
65
88
2f
ff
7f
bd
fc
fb
ff
e4
ff
00
58
80
3b
6c
6c
02
// frame 305 tick 35498966 ms row 35498966 DESCENT
02
4b
47
35
4c
44
49
31
01
f4
bf
03
0a
4b
5a
f8
41
b6
0e
cf
c2
23
1c
0d
67
71
24
ff
7f
a2
fc
cc
ff
f0
ff
00
fd
7f
3b
6c
6c
02
// frame 306 tick 35499166 ms row 35499156 DESCENT
02
4b
47
35
4c
44
49
32
01
f4
bf
03
0a
44
5a
f8
41
b1
0e
cf
c2
66
1c
3c
68
53
1b
ff
7f
89
fc
25
00
1b
00
00
b0
7f
3b
6b
6c
02
// frame 307 tick 35499366 ms row 35499366 DESCENT
02
4b
47
35
4c
44
49
33
01
f4
bf
03
0a
41
5a
f8
41
ab
0e
cf
c2
8d
1c
1d
69
39
10
29
76
88
fc
28
00
42
00
00
58
7f
3b
6b
6c
02
// frame 308 tick 35499566 ms row 35499556 DESCENT
02
4b
47
35
4c
44
49
34
01
f4
bf
03
0a
3e
5a
f8
41
a9
0e
cf
c2
a1
1c
88
69
1b
07
23
6c
84
fc
48
00
45
00
00
15
7f
3b
6a
6c
02
// frame 309 tick 35499766 ms row 35499766 DESCENT
02
4b
47
35
4c
44
49
35
01
f4
bf
03
0a
4c
5a
f8
41
a6
0e
cf
c2
9d
1c
8f
69
03
fc
8f
69
ca
fc
77
ff
1e
00
00
c8
7e
3b
69
6c
02
// frame 310 tick 35499966 ms row 35499956 DESCENT
02
4b
47
35
4c
44
49
36
01
f4
bf
03
0a
4e
5a
f8
41
a7
0e
cf
c2
96
1c
35
69
ea
f2
35
69
c8
fc
6c
ff
ff
ff
00
82
7e
3b
68
94
02
// frame 311 tick 35500166 ms row 35500166 DESCENT
02
4b
47
35
4c
44
49
37
01
f4
bf
03
0a
63
5a
f8
41
a8
0e
cf
c2
67
1c
65
68
e1
e8
65
68
ac
fc
98
ff
0a
00
00
36
7e
3b
66
bc
02
// frame 312 tick 35500366 ms row 35500356 DESCENT
02
4b
47
35
4c
44
49
38
01
f4
bf
03
0a
4b
5a
f8
41
a7
0e
cf
c2
40
1c
b3
67
2f
f1
b3
67
8c
fc
fb
ff
1b
00
00
f7
7d
3b
65
e4
02
// frame 313 tick 35500566 ms row 35500566 DESCENT
02
4b
47
35
4c
44
49
39
01
f4
bf
03
0a
5b
5a
f8
41
a4
0e
cf
c2
2d
1c
55
67
8f
fb
55
67
6b
fc
13
00
1b
00
00
ad
7d
3b
64
0c
03
// frame 314 tick 35500766 ms row 35500756 DESCENT
02
4b
47
35
4c
44
49
3a
01
f4
bf
03
0a
52
5a
f8
41
a3
0e
cf
c2
30
1c
5a
67
04
04
31
68
7f
fc
fb
ff
0c
00
00
73
7d
3b
62
34
03
// frame 315 tick 35500966 ms row 35500966 DESCENT
02
4b
47
35
4c
44
49
3b
01
f4
bf
03
0a
5a
5a
f8
41
a2
0e
cf
c2
4b
1c
c6
67
64
0e
26
72
7b
fc
1f
00
ec
ff
00
2d
7d
3b
61
5c
03
// frame 316 tick 35501166 ms row 35501156 DESCENT
02
4b
47
35
4c
44
49
3c
01
f4
bf
03
0a
5a
5a
f8
41
a0
0e
cf
c2
69
1c
83
68
d9
16
ff
7f
89
fc
fe
ff
d7
ff
00
f2
7c
3b
5f
84
03
// frame 317 tick 35501366 ms row 35501366 DESCENT
02
4b
47
35
4c
44
49
3d
01
f4
bf
03
0a
46
5a
f8
41
a9
0e
cf
c2
b1
1c
b9
69
39
21
ff
7f
86
fc
06
00
d1
ff
00
b2
7c
3b
5e
6c
02
// frame 318 tick 35501566 ms row 35501556 DESCENT
02
4b
47
35
4c
44
49
3e
01
f4
bf
03
0a
55
5a
f8
41
a7
0e
cf
c2
fa
1c
2d
6b
ae
29
ff
7f
67
fc
21
00
ea
ff
00
7e
7c
3b
5d
6c
02
// frame 319 tick 35501766 ms row 35501766 DESCENT
02
4b
47
35
4c
44
49
3f
01
f4
bf
03
0a
5f
5a
f8
41
9b
0e
cf
c2
61
1d
2c
6d
a0
32
ff
7f
71
fc
18
00
07
00
00
3e
7c
3b
5d
6c
02
// frame 320 tick 35501966 ms row 35501956 DESCENT
02
4b
47
35
4c
44
49
40
01
f4
bf
03
0a
75
5a
f8
41
93
0e
cf
c2
b6
1d
e5
6e
80
29
ff
7f
7a
fc
10
00
1b
00
00
0c
7c
3b
5c
6c
02
// frame 321 tick 35502166 ms row 35502166 DESCENT
02
4b
47
35
4c
44
49
41
01
f4
bf
03
0a
80
5a
f8
41
90
0e
cf
c2
00
1e
5e
70
63
1e
ff
7f
76
fc
2f
00
23
00
00
cf
7b
3b
5c
6c
02
// frame 322 tick 35502366 ms row 35502356 DESCENT
02
4b
47
35
4c
44
49
42
01
f4
bf
03
0a
8f
5a
f8
41
8e
0e
cf
c2
32
1e
52
71
42
15
ff
7f
61
fc
33
00
25
00
00
a1
7b
3b
5c
6c
02
// frame 323 tick 35502566 ms row 35502566 DESCENT
02
4b
47
35
4c
44
49
43
01
f4
bf
03
0b
88
5a
f8
41
8c
0e
cf
c2
58
1e
f2
71
24
0a
34
77
62
fc
8c
ff
3a
00
00
6b
7b
3b
5c
6c
02
// frame 324 tick 35502766 ms row 35502756 DESCENT
02
4b
47
35
4c
44
49
44
01
f4
bf
03
0b
8c
5a
f8
41
8b
0e
cf
c2
5b
1e
21
72
03
01
2f
72
5f
fc
d9
ff
4e
00
00
42
7b
3b
5d
6c
02
// frame 325 tick 35502966 ms row 35502966 DESCENT
02
4b
47
35
4c
44
49
45
01
f4
bf
03
0b
80
5a
f8
41
89
0e
cf
c2
4e
1e
e7
71
e5
f5
e7
71
6e
fc
25
00
55
00
00
0c
7b
3b
5e
94
02
// frame 326 tick 35503166 ms row 35503156 DESCENT
02
4b
47
35
4c
44
49
46
01
f4
bf
03
0b
8d
5a
f8
41
89
0e
cf
c2
2f
1e
51
71
c3
ec
51
71
5c
fc
16
00
5a
00
00
e8
7a
3b
5f
bc
02
// frame 327 tick 35503366 ms row 35503366 DESCENT
02
4b
47
35
4c
44
49
47
01
f4
bf
03
0b
93
5a
f8
41
86
0e
cf
c2
05
1e
58
70
8c
ea
58
70
57
fc
b9
ff
57
00
00
b5
7a
3b
60
e4
02
// frame 328 tick 35503566 ms row 35503556 DESCENT
02
4b
47
35
4c
44
49
48
01
f4
bf
03
0b
86
5a
f8
41
8a
0e
cf
c2
dd
1d
b8
6f
fe
f2
b8
6f
63
fc
c3
ff
54
00
00
94
7a
3b
61
0c
03
// frame 329 tick 35503766 ms row 35503766 DESCENT
02
4b
47
35
4c
44
49
49
01
f4
bf
03
0b
8d
5a
f8
41
87
0e
cf
c2
d2
1d
6d
6f
5b
fd
6d
6f
64
fc
16
00
51
00
00
67
7a
3b
62
34
03
// frame 330 tick 35503966 ms row 35503956 DESCENT
02
4b
47
35
4c
44
49
4a
01
f4
bf
03
0b
90
5a
f8
41
87
0e
cf
c2
da
1d
84
6f
cd
05
42
71
5d
fc
f6
ff
50
00
00
46
7a
3b
64
5c
03
// frame 331 tick 35504166 ms row 35504166 DESCENT
02
4b
47
35
4c
44
49
4b
01
f4
bf
03
0b
9c
5a
f8
41
80
0e
cf
c2
f8
1d
03
70
29
10
f9
7c
57
fc
fc
ff
47
00
00
1e
7a
3b
65
84
03
// frame 332 tick 35504366 ms row 35504356 DESCENT
02
4b
47
35
4c
44
49
4c
01
f4
bf
03
0b
8d
5a
f8
41
80
0e
cf
c2
1d
1e
d1
70
9a
18
ff
7f
5e
fc
0d
00
36
00
00
fd
79
3b
67
ac
03
// frame 333 tick 35504566 ms row 35504566 DESCENT
02
4b
47
35
4c
44
49
4d
01
f4
bf
03
0b
96
5a
f8
41
7d
0e
cf
c2
53
1e
1a
72
f6
22
ff
7f
50
fc
1f
00
25
00
00
db
79
3b
68
d4
03
// frame 334 tick 35504766 ms row 35504756 DESCENT
02
4b
47
35
4c
44
49
4e
01
f4
bf
03
0c
8f
5a
f8
41
84
0e
cf
c2
9f
1e
94
73
d4
26
ff
7f
6a
fc
bb
ff
15
00
00
c0
79
3b
69
6c
02
// frame 335 tick 35504966 ms row 35504966 DESCENT
02
4b
47
35
4c
44
49
4f
01
f4
bf
03
0c
9a
5a
f8
41
7c
0e
cf
c2
ef
1e
f0
74
b4
1b
ff
7f
48
fc
46
00
fb
ff
00
a1
79
3b
6a
6c
02
// frame 336 tick 35505166 ms row 35505156 DESCENT
02
4b
47
35
4c
44
49
50
01
f4
bf
03
0c
a0
5a
f8
41
7d
0e
cf
c2
18
1f
ca
75
91
12
ff
7f
46
fc
63
00
de
ff
00
87
79
3b
6b
6c
02
// frame 337 tick 35505366 ms row 35505366 DESCENT
02
4b
47
35
4c
44
49
51
01
f4
bf
03
0c
a7
5a
f8
41
79
0e
cf
c2
31
1f
4c
76
71
07
28
79
6b
fc
a9
ff
cb
ff
00
68
79
3b
6c
6c
02
// frame 338 tick 35505566 ms row 35505556 DESCENT
02
4b
47
35
4c
44
49
52
01
f4
bf
03
0c
9b
5a
f8
41
7a
0e
cf
c2
2e
1f
61
76
4e
fe
61
76
60
fc
e2
ff
bc
ff
00
53
79
3b
6c
6c
02
// frame 339 tick 35505766 ms row 35505766 DESCENT
02
4b
47
35
4c
44
49
53
01
f4
bf
03
0c
a2
5a
f8
41
77
0e
cf
c2
23
1f
0a
76
2e
f3
0a
76
5b
fc
ec
ff
ae
ff
00
3c
79
3b
6c
94
02
// frame 340 tick 35505966 ms row 35505956 DESCENT
02
4b
47
35
4c
44
49
54
01
f4
bf
03
0c
ac
5a
f8
41
76
0e
cf
c2
ff
1e
5a
75
0c
ea
5a
75
57
fc
db
ff
bb
ff
00
27
79
3b
6c
bc
02
// frame 341 tick 35506166 ms row 35506166 DESCENT
02
4b
47
35
4c
44
49
55
01
f4
bf
03
0c
aa
5a
f8
41
77
0e
cf
c2
ce
1e
4f
74
e2
e9
4f
74
4b
fc
ff
ff
c2
ff
00
10
79
3b
6b
e4
02
// frame 342 tick 35506366 ms row 35506330 DESCENT
02
4b
47
35
4c
44
49
56
01
f4
bf
03
0c
af
5a
f8
41
76
0e
cf
c2
b0
1e
ba
73
64
f1
ba
73
4d
fc
e5
ff
c7
ff
00
00
79
3b
6b
0c
03
// frame 343 tick 35506566 ms row 35506556 DESCENT
02
4b
47
35
4c
44
49
57
01
f4
bf
03
0c
aa
5a
f8
41
75
0e
cf
c2
8f
1e
58
73
b7
fb
58
73
40
fc
1c
00
d6
ff
00
eb
78
3b
6a
34
03
// frame 344 tick 35506766 ms row 35506766 DESCENT
02
4b
47
35
4c
44
49
58
01
f4
bf
03
0c
a7
5a
f8
41
74
0e
cf
c2
99
1e
6a
73
11
06
52
75
43
fc
2a
00
e3
ff
00
dc
78
3b
69
5c
03
// frame 345 tick 35506966 ms row 35506956 DESCENT
02
4b
47
35
4c
44
49
59
01
f4
bf
03
0c
ba
5a
f8
41
6f
0e
cf
c2
b5
1e
d6
73
80
0e
60
7e
48
fc
0b
00
ef
ff
00
ce
78
3b
68
84
03
// frame 346 tick 35507166 ms row 35507166 DESCENT
02
4b
47
35
4c
44
49
5a
01
f4
bf
03
0c
a9
5a
f8
41
71
0e
cf
c2
e1
1e
b3
74
da
18
ff
7f
4b
fc
dd
ff
f5
ff
00
c1
78
3b
66
ac
03
// frame 347 tick 35507366 ms row 35507356 DESCENT
02
4b
47
35
4c
44
49
5b
01
f4
bf
03
0c
b5
5a
f8
41
70
0e
cf
c2
14
1f
d3
75
56
20
ff
7f
44
fc
ed
ff
fc
ff
00
b8
78
3b
65
d4
03
// frame 348 tick 35507566 ms row 35507566 DESCENT
02
4b
47
35
4c
44
49
5c
01
f4
bf
03
0c
a9
5a
f8
41
7a
0e
cf
c2
55
1f
f1
76
d7
15
ff
7f
47
fc
12
00
02
00
00
ac
78
3b
64
6c
02
// frame 349 tick 35507766 ms row 35507756 DESCENT
02
4b
47
35
4c
44
49
5d
01
f4
bf
03
0c
b5
5a
f8
41
77
0e
cf
c2
6f
1f
92
77
b3
0c
bb
7f
4b
fc
03
00
04
00
00
a6
78
3b
62
6c
02
// frame 350 tick 35507966 ms row 35507966 DESCENT
02
4b
47
35
4c
44
49
5e
01
f4
bf
03
0c
b0
5a
f8
41
75
0e
cf
c2
81
1f
d6
77
91
01
f6
77
43
fc
d2
ff
08
00
00
9f
78
3b
61
6c
02
// frame 351 tick 35508166 ms row 35508156 DESCENT
02
4b
47
35
4c
44
49
5f
01
f4
bf
03
0c
b0
5a
f8
41
72
0e
cf
c2
75
1f
b1
77
6c
f8
b1
77
47
fc
da
ff
15
00
00
9b
78
3b
5f
94
02
// frame 352 tick 35508366 ms row 35508366 DESCENT
02
4b
47
35
4c
44
49
60
01
f4
bf
03
0c
ad
5a
f8
41
73
0e
cf
c2
5d
1f
1b
77
4a
ed
1b
77
46
fc
f1
ff
28
00
00
98
78
3b
5e
bc
02
// frame 353 tick 35508566 ms row 35508556 DESCENT
02
4b
47
35
4c
44
49
61
01
f4
bf
03
0c
a5
5a
f8
41
70
0e
cf
c2
2d
1f
31
76
5b
e4
31
76
a3
04
a8
f9
4e
00
00
d7
78
3b
5d
e4
02
// frame 354 tick 35508766 ms row 35508766 DESCENT
02
4b
47
35
4c
44
49
62
01
f4
bf
03
0c
bb
5a
f8
41
70
0e
cf
c2
ed
1e
f2
74
88
e5
f2
74
db
fb
20
ff
44
00
00
80
78
3b
5d
0c
03
// frame 355 tick 35508966 ms row 35508956 DESCENT
02
4b
47
35
4c
44
49
63
01
f4
bf
03
0c
b0
5a
f8
41
70
0e
cf
c2
c6
1e
21
74
00
ee
21
74
ca
fc
be
ff
66
00
00
8e
78
3b
5c
34
03
// frame 356 tick 35509166 ms row 35509166 DESCENT
02
4b
47
35
4c
44
49
64
01
f4
bf
03
0c
b8
5a
f8
41
6d
0e
cf
c2
a5
1e
a1
73
60
f8
a1
73
fa
fb
32
ff
74
00
00
92
78
3b
5c
5c
03
// frame 357 tick 35509366 ms row 35509356 DESCENT
02
4b
47
35
4c
44
49
65
01
f4
bf
03
0c
be
5a
f8
41
6b
0e
cf
c2
aa
1e
87
73
d4
00
90
73
ba
fc
e7
ff
eb
ff
00
96
78
3b
5c
84
03
// frame 358 tick 35509566 ms row 35509566 DESCENT
02
4b
47
35
4c
44
49
66
01
f4
bf
03
0c
b6
5a
f8
41
6c
0e
cf
c2
b2
1e
d1
73
3e
0b
41
7a
f2
fc
81
fe
c2
ff
00
9b
78
3b
5c
ac
03
// frame 359 tick 35509766 ms row 35509756 DESCENT
02
4b
47
35
4c
44
49
67
01
f4
bf
03
0c
b9
5a
f8
41
68
0e
cf
c2
cc
1e
70
74
bc
13
ff
7f
f8
fc
e3
ff
e7
ff
00
a1
78
3b
5d
d4
03
// frame 360 tick 35509966 ms row 35509966 DESCENT
02
4b
47
35
4c
44
49
68
01
f4
bf
03
0c
bd
5a
f8
41
6d
0e
cf
c2
0b
1f
85
75
2c
1e
ff
7f
cb
00
83
00
0e
00
00
a3
78
3b
5e
fc
03
// frame 361 tick 35510166 ms row 35510156 DESCENT
02
4b
47
35
4c
44
49
69
01
f4
bf
03
0c
d5
5a
f8
41
6b
0e
cf
c2
47
1f
b2
76
5a
1c
ff
7f
cb
fc
83
ff
3e
fe
00
8c
78
3b
5f
24
04
// frame 362 tick 35510366 ms row 35510366 DESCENT
02
4b
47
35
4c
44
49
6a
01
f4
bf
03
0c
ae
5a
f8
41
6c
0e
cf
c2
79
1f
9f
77
61
11
ff
7f
63
fe
47
01
61
fe
00
5d
78
3b
60
4c
04
// frame 363 tick 35510566 ms row 35510556 DESCENT
02
4b
47
35
4c
44
49
6b
01
f4
bf
03
0c
a5
5a
f8
41
78
0e
cf
c2
8b
1f
15
78
85
08
d2
7b
b8
ff
a7
03
96
fe
00
17
78
3b
61
6c
02
// frame 364 tick 35510766 ms row 35510766 DESCENT
02
4b
47
35
4c
44
49
6c
01
f4
bf
03
0c
ad
5a
f8
41
75
0e
cf
c2
91
1f
2e
78
cc
fd
2e
78
a7
00
8c
04
db
fe
00
15
78
3b
62
6c
02
// frame 365 tick 35510966 ms row 35510956 DESCENT
02
4b
47
35
4c
44
49
6d
01
f4
bf
03
0c
b0
5a
f8
41
74
0e
cf
c2
86
1f
eb
77
91
f6
eb
77
af
01
e7
04
13
fe
00
e3
77
3b
64
94
02
// frame 366 tick 35511166 ms row 35511166 DESCENT
02
4b
47
35
4c
44
49
6e
01
f4
bf
03
0c
b2
5a
f8
41
71
0e
cf
c2
77
1f
90
77
50
f8
90
77
41
01
f6
03
61
fd
00
09
78
3b
65
bc
02
// frame 367 tick 35511366 ms row 35511356 DESCENT
02
4b
47
35
4c
44
49
6f
01
f4
bf
03
0c
ac
5a
f8
41
71
0e
cf
c2
5e
1f
20
77
e0
f0
20
77
ad
fe
3b
02
d6
fe
00
6a
78
3b
67
e4
02
// frame 368 tick 35511566 ms row 35511566 DESCENT
02
4b
47
35
4c
44
49
70
01
f4
bf
03
0c
b1
5a
f8
41
71
0e
cf
c2
27
1f
3a
76
ec
e5
3a
76
34
fd
21
01
7b
ff
00
a4
78
3b
68
0c
03
// frame 369 tick 35511766 ms row 35511756 DESCENT
02
4b
47
35
4c
44
49
71
01
f4
bf
03
0c
b7
5a
f8
41
6f
0e
cf
c2
f5
1e
0f
75
9f
df
0f
75
9b
fc
4e
00
c6
fe
00
f6
78
3b
69
34
03
// frame 370 tick 35511966 ms row 35511966 DESCENT
02
4b
47
35
4c
44
49
72
01
f4
bf
03
0c
ad
5a
f8
41
6e
0e
cf
c2
b9
1e
f0
73
a5
e9
f0
73
9b
fd
11
02
38
fe
00
11
79
3b
6a
5c
03
// frame 371 tick 35512166 ms row 35512156 DESCENT
02
4b
47
35
4c
44
49
73
01
f4
bf
03
0c
c7
5a
f8
41
6b
0e
cf
c2
93
1e
47
73
12
f2
47
73
f5
fb
4a
ff
80
fd
00
17
79
3b
6b
84
03
// frame 372 tick 35512366 ms row 35512366 DESCENT
02
4b
47
35
4c
44
49
74
01
f4
bf
03
0c
bd
5a
f8
41
6f
0e
cf
c2
87
1e
f2
72
67
fc
f2
72
38
fc
12
00
d1
fc
00
08
79
3b
6c
ac
03
// frame 373 tick 35512566 ms row 35512556 DESCENT
02
4b
47
35
4c
44
49
75
01
f4
bf
03
0c
c9
5a
f8
41
6a
0e
cf
c2
86
1e
00
73
ed
04
43
74
0d
01
89
ff
a1
fd
00
b0
78
3b
6c
d4
03
// frame 374 tick 35512766 ms row 35512766 DESCENT
02
4b
47
35
4c
44
49
76
01
f4
bf
03
0c
bd
5a
f8
41
6c
0e
cf
c2
a5
1e
7a
73
f2
0f
ff
7f
11
fd
e2
fd
34
04
00
07
79
3b
6c
fc
03
// frame 375 tick 35512966 ms row 35512956 DESCENT
02
4b
47
35
4c
44
49
77
01
f4
bf
03
0c
cb
5a
f8
41
69
0e
cf
c2
c7
1e
44
74
f7
16
ff
7f
83
fc
04
00
e1
03
00
62
79
3b
6c
24
04
// frame 376 tick 35513166 ms row 35513166 DESCENT
02
4b
47
35
4c
44
49
78
01
f4
bf
03
0c
cb
5a
f8
41
68
0e
cf
c2
ec
1e
f6
74
06
0c
4d
7c
dd
fe
ac
ff
13
02
00
8c
79
3b
6b
4c
04
// frame 377 tick 35513366 ms row 35513356 DESCENT
02
4b
47
35
4c
44
49
79
01
f4
bf
03
0c
c6
5a
f8
41
6d
0e
cf
c2
f6
1e
3a
75
82
03
de
75
ae
01
b4
fc
61
00
00
9b
79
3b
6b
74
04
// frame 378 tick 35513566 ms row 35513566 DESCENT
02
4b
47
35
4c
44
49
7a
01
f4
bf
03
0c
bc
5a
f8
41
63
0e
cf
c2
f5
1e
1d
75
c2
f8
1d
75
8c
ff
6a
00
66
01
00
a5
79
3b
6a
9c
04
// frame 379 tick 35513766 ms row 35513756 DESCENT
02
4b
47
35
4c
44
49
7b
01
f4
bf
03
0c
ce
5a
f8
41
64
0e
cf
c2
d4
1e
a5
74
12
f0
a5
74
85
03
52
ff
ef
fe
00
a8
79
3b
69
c4
04
// frame 380 tick 35513966 ms row 35513966 DESCENT
02
4b
47
35
4c
44
49
7c
01
f4
bf
03
0c
d0
5a
f8
41
63
0e
cf
c2
b0
1e
b7
73
73
e5
b7
73
19
02
15
00
d0
fc
00
d6
79
3b
68
ec
04
// frame 381 tick 35514166 ms row 35514156 DESCENT
02
4b
47
35
4c
44
49
7d
01
f4
bf
03
0c
cb
5a
f8
41
64
0e
cf
c2
6a
1e
8e
72
10
e1
8e
72
84
01
5e
02
10
fe
00
eb
79
3b
66
14
05
// frame 382 tick 35514366 ms row 35514366 DESCENT
02
4b
47
35
4c
44
49
7e
01
f4
bf
03
0c
d7
5a
f8
41
64
0e
cf
c2
43
1e
86
71
19
ec
86
71
28
03
85
01
4b
ff
00
02
7a
3b
65
3c
05
// frame 383 tick 35514566 ms row 35514530 DESCENT
02
4b
47
35
4c
44
49
7f
01
f4
bf
03
0c
ce
5a
f8
41
60
0e
cf
c2
21
1e
05
71
03
f4
05
71
a2
01
5f
ff
c7
fe
00
10
7a
3b
64
64
05
// frame 384 tick 35514766 ms row 35514756 DESCENT
02
4b
47
35
4c
44
49
80
01
f4
bf
03
0c
da
5a
f8
41
5c
0e
cf
c2
15
1e
c3
70
cd
fe
c3
70
ad
00
3d
ff
f7
ff
00
24
7a
3b
62
8c
05
// frame 385 tick 35514966 ms row 35514966 DESCENT
02
4b
47
35
4c
44
49
81
01
f4
bf
03
0c
d9
5a
f8
41
61
0e
cf
c2
23
1e
fa
70
91
09
ab
75
d2
ff
ea
ff
37
02
00
3b
7a
3b
61
b4
05
// frame 386 tick 35515166 ms row 35515156 DESCENT
02
4b
47
35
4c
44
49
82
01
f4
bf
03
0c
d7
5a
f8
41
5e
0e
cf
c2
3f
1e
89
71
6b
12
ff
7f
a8
ff
aa
ff
19
02
00
4a
7a
3b
5f
dc
05
// frame 387 tick 35515366 ms row 35515366 DESCENT
02
4b
47
35
4c
44
49
83
01
f4
bf
03
0c
db
5a
f8
41
5b
0e
cf
c2
66
1e
52
72
e1
0e
65
7d
49
00
0a
ff
f4
ff
00
61
7a
3b
5e
04
06
// frame 388 tick 35515566 ms row 35515556 DESCENT
02
4b
47
35
4c
44
49
84
01
f4
bf
03
0c
de
5a
f8
41
5c
0e
cf
c2
7a
1e
b2
72
3a
06
b4
74
0d
01
40
ff
81
ff
00
73
7a
3b
5d
2c
06
// frame 389 tick 35515766 ms row 35515766 DESCENT
02
4b
47
35
4c
44
49
85
01
f4
bf
03
0c
db
5a
f8
41
55
0e
cf
c2
79
1e
b2
72
97
fb
b2
72
7b
00
f0
01
09
00
00
7e
7a
3b
5d
54
06
// frame 390 tick 35515966 ms row 35515956 DESCENT
02
4b
47
35
4c
44
49
86
01
f4
bf
03
0c
db
5a
f8
41
55
0e
cf
c2
63
1e
56
72
d6
f2
56
72
bc
00
c8
01
1e
ff
00
8e
7a
3b
5c
7c
06
// frame 391 tick 35516166 ms row 35516166 DESCENT
02
4b
47
35
4c
44
49
87
01
f4
bf
03
0c
dc
5a
f8
41
5a
0e
cf
c2
3c
1e
85
71
fd
e7
85
71
00
fe
1b
00
0b
fe
00
a8
7a
3b
5c
a4
06
// frame 392 tick 35516366 ms row 35516356 DESCENT
02
4b
47
35
4c
44
49
88
01
f4
bf
03
0c
e9
5a
f8
41
58
0e
cf
c2
0c
1e
7f
70
37
e6
7f
70
df
00
82
ff
14
fe
00
b9
7a
3b
5c
cc
06
// frame 393 tick 35516566 ms row 35516566 DESCENT
02
4b
47
35
4c
44
49
89
01
f4
bf
03
0c
ce
5a
f8
41
59
0e
cf
c2
d8
1d
ad
6f
fc
f0
ad
6f
92
00
b2
ff
e5
ff
00
cc
7a
3b
5c
f4
06
// frame 394 tick 35516766 ms row 35516756 DESCENT
02
4b
47
35
4c
44
49
8a
01
f4
bf
03
0c
e6
5a
f8
41
55
0e
cf
c2
ca
1d
4d
6f
cc
f9
4d
6f
f0
00
d7
ff
66
01
00
dc
7a
3b
5d
1c
07
// frame 395 tick 35516966 ms row 35516966 DESCENT
02
4b
47
35
4c
44
49
8b
01
f4
bf
03
0c
e1
5a
f8
41
56
0e
cf
c2
c4
1d
4d
6f
93
04
64
70
b3
00
46
ff
7c
01
00
ef
7a
3b
5e
44
07
// frame 396 tick 35517166 ms row 35517156 DESCENT
02
4b
47
35
4c
44
49
8c
01
f4
bf
03
0c
e6
5a
f8
41
55
0e
cf
c2
e0
1d
ac
6f
6c
0d
c1
78
ce
00
04
fe
8d
00
00
ff
7a
3b
5f
6c
07
// frame 397 tick 35517366 ms row 35517366 DESCENT
02
4b
47
35
4c
44
49
8d
01
f4
bf
03
0c
d9
5a
f8
41
54
0e
cf
c2
01
1e
5e
70
3c
0e
89
7a
41
02
35
ff
05
01
00
13
7b
3b
60
94
07
// frame 398 tick 35517566 ms row 35517556 DESCENT
02
4b
47
35
4c
44
49
8e
01
f4
bf
03
0c
e1
5a
f8
41
4f
0e
cf
c2
12
1e
b7
70
74
05
42
72
af
00
d1
ff
63
01
00
21
7b
3b
61
bc
07
// frame 399 tick 35517766 ms row 35517766 DESCENT
02
4b
47
35
4c
44
49
8f
01
f4
bf
03
0c
f4
5a
f8
41
51
0e
cf
c2
13
1e
ae
70
a4
fa
ae
70
92
ff
58
ff
8a
00
00
35
7b
3b
62
e4
07
// frame 400 tick 35517966 ms row 35517956 DESCENT
02
4b
47
35
4c
44
49
90
01
f4
bf
03
0c
e9
5a
f8
41
50
0e
cf
c2
01
1e
48
70
dc
f1
48
70
07
00
64
ff
c9
ff
00
44
7b
3b
64
0c
08
// frame 401 tick 35518166 ms row 35518166 DESCENT
02
4b
47
35
4c
44
49
91
01
f4
bf
03
0c
eb
5a
f8
41
4e
0e
cf
c2
ca
1d
6e
6f
75
e7
6e
6f
4a
01
89
00
c1
ff
00
5a
7b
3b
65
34
08
// frame 402 tick 35518366 ms row 35518356 DESCENT
02
4b
47
35
4c
44
49
92
01
f4
bf
03
0c
ee
5a
f8
41
4b
0e
cf
c2
a4
1d
9d
6e
07
ee
9d
6e
13
00
ea
00
e4
ff
00
67
7b
3b
67
5c
08
// frame 403 tick 35518566 ms row 35518566 DESCENT
02
4b
47
35
4c
44
49
93
01
f4
bf
03
0c
f6
5a
f8
41
4a
0e
cf
c2
8e
1d
1f
6e
cb
f8
1f
6e
0b
00
48
01
4a
ff
00
7b
7b
3b
68
84
08
// frame 404 tick 35518766 ms row 35518756 DESCENT
02
4b
47
35
4c
44
49
94
01
f4
bf
03
0c
f0
5a
f8
41
4e
0e
cf
c2
8e
1d
0b
6e
94
01
2c
6e
96
ff
ef
ff
d3
fe
00
8a
7b
3b
69
ac
08
// frame 405 tick 35518966 ms row 35518966 DESCENT
02
4b
47
35
4c
44
49
95
01
f4
bf
03
0c
fa
5a
f8
41
4d
0e
cf
c2
9e
1d
5f
6e
4a
0c
06
76
d8
ff
15
00
de
fe
00
9c
7b
3b
6a
d4
08
// frame 406 tick 35519166 ms row 35519156 DESCENT
02
4b
47
35
4c
44
49
96
01
f4
bf
03
0c
00
5b
f8
41
4a
0e
cf
c2
b4
1d
df
6e
a8
0a
aa
74
2b
ff
62
00
c5
ff
00
aa
7b
3b
6b
fc
08
// frame 407 tick 35519366 ms row 35519366 DESCENT
02
4b
47
35
4c
44
49
97
01
f4
bf
03
0c
f6
5a
f8
41
46
0e
cf
c2
ba
1d
0e
6f
e1
ff
0e
6f
a1
ff
86
00
7c
00
00
be
7b
3b
6c
24
09
// frame 408 tick 35519566 ms row 35519556 DESCENT
02
4b
47
35
4c
44
49
98
01
f4
bf
03
0c
f2
5a
f8
41
46
0e
cf
c2
b3
1d
da
6e
15
f7
da
6e
fd
ff
14
00
8a
00
00
ce
7b
3b
6c
4c
09
// frame 409 tick 35519766 ms row 35519766 DESCENT
02
4b
47
35
4c
44
49
99
01
f4
bf
03
0c
ff
5a
f8
41
49
0e
cf
c2
91
1d
38
6e
6b
ec
38
6e
e7
01
0b
ff
5e
00
00
df
7b
3b
6c
74
09
// frame 410 tick 35519966 ms row 35519956 DESCENT
02
4b
47
35
4c
44
49
9a
01
f4
bf
03
0c
03
5b
f8
41
48
0e
cf
c2
72
1d
84
6d
7a
f0
84
6d
08
01
15
ff
20
00
00
ee
7b
3b
6c
9c
09
// frame 411 tick 35520166 ms row 35520166 DESCENT
02
4b
47
35
4c
44
49
9b
01
f4
bf
03
0c
f5
5a
f8
41
43
0e
cf
c2
5c
1d
20
6d
59
fb
20
6d
bb
00
e0
ff
04
00
00
ff
7b
3b
6b
c4
09
// frame 412 tick 35520366 ms row 35520356 DESCENT
02
4b
47
35
4c
44
49
9c
01
f4
bf
03
0c
06
5b
f8
41
45
0e
cf
c2
52
1d
25
6d
12
04
02
6e
6b
ff
02
00
27
00
00
0f
7c
3b
6b
ec
09
// frame 413 tick 35520566 ms row 35520566 DESCENT
02
4b
47
35
4c
44
49
9d
01
f4
bf
03
0c
10
5b
f8
41
45
0e
cf
c2
70
1d
86
6d
bb
09
5f
72
97
ff
4b
00
f5
ff
00
21
7c
3b
6a
14
0a
// frame 414 tick 35520766 ms row 35520756 DESCENT
02
4b
47
35
4c
44
49
9e
01
f4
bf
03
0c
05
5b
f8
41
42
0e
cf
c2
78
1d
b4
6d
01
01
c1
6d
4b
ff
44
00
83
ff
00
30
7c
3b
69
3c
0a
// frame 415 tick 35520966 ms row 35520930 DESCENT
02
4b
47
35
4c
44
49
9f
01
f4
bf
03
0c
00
5b
f8
41
42
0e
cf
c2
71
1d
8c
6d
2f
f8
8c
6d
9b
ff
4d
00
68
ff
00
41
7c
3b
68
64
0a
// frame 416 tick 35521166 ms row 35521156 DESCENT
02
4b
47
35
4c
44
49
a0
01
f4
bf
03
0c
0b
5b
f8
41
3e
0e
cf
c2
52
1d
ef
6c
73
ef
ef
6c
02
01
24
fe
8d
ff
00
50
7c
3b
66
8c
0a
// frame 417 tick 35521366 ms row 35521366 DESCENT
02
4b
47
35
4c
44
49
a1
01
f4
bf
03
0c
0b
5b
f8
41
3e
0e
cf
c2
34
1d
6a
6c
21
f8
6a
6c
7a
ff
83
00
d5
ff
00
64
7c
3b
65
b4
0a
// frame 418 tick 35521566 ms row 35521556 DESCENT
02
4b
47
35
4c
44
49
a2
01
f4
bf
03
0c
0b
5b
f8
41
45
0e
cf
c2
30
1d
50
6c
e3
00
5a
6c
80
fe
0a
00
ed
ff
00
72
7c
3b
64
dc
0a
// frame 419 tick 35521766 ms row 35521766 DESCENT
02
4b
47
35
4c
44
49
a3
01
f4
bf
03
0c
0e
5b
f8
41
3e
0e
cf
c2
3e
1d
8c
6c
71
06
b2
6e
d7
00
6c
00
fd
ff
00
84
7c
3b
62
04
0b
// frame 420 tick 35521966 ms row 35521956 DESCENT
02
4b
47
35
4c
44
49
a4
01
f4
bf
03
0c
0e
5b
f8
41
3d
0e
cf
c2
46
1d
9f
6c
3a
fe
9f
6c
b6
ff
13
00
06
00
00
94
7c
3b
61
2c
0b
// frame 421 tick 35522166 ms row 35522166 DESCENT
02
4b
47
35
4c
44
49
a5
01
f4
bf
03
0b
09
5b
f8
41
3e
0e
cf
c2
2b
1d
49
6c
e1
f3
49
6c
85
ff
03
00
0c
00
00
a6
7c
3b
5f
54
0b
// frame 422 tick 35522366 ms row 35522356 DESCENT
02
4b
47
35
4c
44
49
a6
01
f4
bf
03
0b
1c
5b
f8
41
38
0e
cf
c2
18
1d
d3
6b
ad
f5
d3
6b
59
ff
ff
ff
1b
00
00
b4
7c
3b
5e
7c
0b
// frame 423 tick 35522566 ms row 35522566 DESCENT
02
4b
47
35
4c
44
49
a7
01
f4
bf
03
0b
1c
5b
f8
41
38
0e
cf
c2
14
1d
a6
6b
50
00
a7
6b
1a
ff
34
00
25
00
00
c5
7c
3b
5d
a4
0b
// frame 424 tick 35522766 ms row 35522756 DESCENT
02
4b
47
35
4c
44
49
a8
01
f4
bf
03
0b
1b
5b
f8
41
3a
0e
cf
c2
15
1d
c3
6b
80
03
67
6c
79
00
1b
00
33
00
00
d4
7c
3b
5d
cc
0b
// frame 425 tick 35522966 ms row 35522966 DESCENT
02
4b
47
35
4c
44
49
a9
01
f4
bf
03
0b
1d
5b
f8
41
3a
0e
cf
c2
15
1d
b9
6b
ca
fa
b9
6b
83
ff
58
00
42
00
00
e6
7c
3b
5c
f4
0b
// frame 426 tick 35523166 ms row 35523156 DESCENT
02
4b
47
35
4c
44
49
aa
01
f4
bf
03
0b
1c
5b
f8
41
36
0e
cf
c2
04
1d
66
6b
39
f6
66
6b
78
00
37
00
3f
00
00
f5
7c
3b
5c
1c
0c
// frame 427 tick 35523366 ms row 35523366 DESCENT
02
4b
47
35
4c
44
49
ab
01
f4
bf
03
0b
26
5b
f8
41
38
0e
cf
c2
f5
1c
17
6b
c2
fb
17
6b
af
ff
75
00
0f
00
00
06
7d
3b
5c
44
0c
// frame 428 tick 35523566 ms row 35523556 DESCENT
02
4b
47
35
4c
44
49
ac
01
f4
bf
03
0b
26
5b
f8
41
34
0e
cf
c2
f9
1c
0d
6b
9d
00
13
6b
fe
ff
ee
ff
dc
ff
00
15
7d
3b
5c
6c
0c
// frame 429 tick 35523766 ms row 35523766 DESCENT
02
4b
47
35
4c
44
49
ad
01
f4
bf
03
0b
1e
5b
f8
41
34
0e
cf
c2
f5
1c
0b
6b
d0
fd
0b
6b
31
00
b3
ff
a1
ff
00
26
7d
3b
5d
94
0c
// frame 430 tick 35523966 ms row 35523956 DESCENT
02
4b
47
35
4c
44
49
ae
01
f4
bf
03
0b
2b
5b
f8
41
33
0e
cf
c2
e9
1c
d9
6a
19
f9
d9
6a
22
ff
19
00
8d
ff
00
35
7d
3b
5e
bc
0c
// frame 431 tick 35524166 ms row 35524166 DESCENT
02
4b
47
35
4c
44
49
af
01
f4
bf
03
0b
2a
5b
f8
41
35
0e
cf
c2
d6
1c
8b
6a
df
f9
8b
6a
2f
ff
0b
00
b2
ff
00
47
7d
3b
5f
e4
0c
// frame 432 tick 35524366 ms row 35524356 DESCENT
02
4b
47
35
4c
44
49
b0
01
f4
bf
03
0a
28
5b
f8
41
30
0e
cf
c2
cf
1c
68
6a
13
fe
68
6a
44
ff
f6
ff
24
00
00
57
7d
3b
60
0c
0d
// frame 433 tick 35524566 ms row 35524566 DESCENT
02
4b
47
35
4c
44
49
b1
01
f4
bf
03
0a
1e
5b
f8
41
2f
0e
cf
c2
cd
1c
5d
6a
a0
fe
5d
6a
ac
ff
f5
ff
6b
00
00
67
7d
3b
61
34
0d
// frame 434 tick 35524766 ms row 35524756 DESCENT
02
4b
47
35
4c
44
49
b2
01
f4
bf
03
0a
28
5b
f8
41
2f
0e
cf
c2
bd
1c
3d
6a
4d
fb
3d
6a
6c
ff
e7
ff
81
00
00
76
7d
3b
62
5c
0d
// frame 435 tick 35524966 ms row 35524966 DESCENT
02
4b
47
35
4c
44
49
b3
01
f4
bf
03
0a
2a
5b
f8
41
2d
0e
cf
c2
b8
1c
fc
69
c2
f9
fc
69
65
ff
a1
ff
52
00
00
89
7d
3b
64
84
0d
// frame 436 tick 35525166 ms row 35525156 DESCENT
02
4b
47
35
4c
44
49
b4
01
f4
bf
03
0a
37
5b
f8
41
2b
0e
cf
c2
b5
1c
cb
69
1f
fc
cb
69
e8
00
7c
ff
eb
ff
00
98
7d
3b
65
ac
0d
// frame 437 tick 35525366 ms row 35525366 DESCENT
02
4b
47
35
4c
44
49
b5
01
f4
bf
03
0a
2a
5b
f8
41
2c
0e
cf
c2
a7
1c
af
69
a4
fd
af
69
5a
00
b9
ff
a5
ff
00
ad
7d
3b
67
d4
0d
// frame 438 tick 35525566 ms row 35525556 DESCENT
02
4b
47
35
4c
44
49
b6
01
f4
bf
03
0a
37
5b
f8
41
2b
0e
cf
c2
a0
1c
92
69
60
fc
92
69
4f
ff
4c
00
98
ff
00
bb
7d
3b
68
fc
0d
// frame 439 tick 35525766 ms row 35525766 DESCENT
02
4b
47
35
4c
44
49
b7
01
f4
bf
03
0a
43
5b
f8
41
2d
0e
cf
c2
9b
1c
5e
69
d7
fa
5e
69
43
00
a0
00
b6
ff
00
cd
7d
3b
69
14
00
// frame 440 tick 35525966 ms row 35525956 DESCENT
02
4b
47
35
4c
44
49
b8
01
f4
bf
03
0a
31
5b
f8
41
28
0e
cf
c2
96
1c
2f
69
9c
fb
2f
69
1e
00
c8
00
dc
ff
00
dc
7d
3b
6a
3c
00
// frame 441 tick 35526166 ms row 35526166 DESCENT
02
4b
47
35
4c
44
49
b9
01
f4
bf
03
0b
43
5b
f8
41
27
0e
cf
c2
88
1c
08
69
be
fc
08
69
58
00
5c
00
f4
ff
00
ef
7d
3b
6b
64
00
// frame 442 tick 35526366 ms row 35526356 DESCENT
02
4b
47
35
4c
44
49
ba
01
f4
bf
03
0a
3f
5b
f8
41
26
0e
cf
c2
86
1c
e9
68
bc
fc
e9
68
f4
ff
28
00
fb
ff
00
fe
7d
3b
6c
8c
00
// frame 443 tick 35526566 ms row 35526566 DESCENT
02
4b
47
35
4c
44
49
bb
01
f4
bf
03
0b
39
5b
f8
41
23
0e
cf
c2
79
1c
c0
68
c3
fb
c0
68
80
01
e4
ff
00
00
00
11
7e
3b
6c
b4
00
// frame 444 tick 35526766 ms row 35526756 DESCENT
02
4b
47
35
4c
44
49
bc
01
f4
bf
03
0b
37
5b
f8
41
22
0e
cf
c2
77
1c
93
68
4b
fb
93
68
54
ff
b4
ff
f6
ff
00
20
7e
3b
6c
dc
00
// frame 445 tick 35526966 ms row 35526966 DESCENT
02
4b
47
35
4c
44
49
bd
01
f4
bf
03
0b
41
5b
f8
41
25
0e
cf
c2
69
1c
65
68
27
fc
65
68
bd
00
b6
ff
f2
ff
00
33
7e
3b
6c
04
01
// frame 446 tick 35527166 ms row 35527156 DESCENT
02
4b
47
35
4c
44
49
be
01
f4
bf
03
0b
40
5b
f8
41
23
0e
cf
c2
63
1c
43
68
91
fc
43
68
f0
fe
23
00
01
00
00
42
7e
3b
6b
2c
01
// frame 447 tick 35527366 ms row 35527366 DESCENT
02
4b
47
35
4c
44
49
bf
01
f4
bf
03
0b
47
5b
f8
41
23
0e
cf
c2
5b
1c
1c
68
2f
fc
1c
68
5e
ff
41
01
12
00
00
55
7e
3b
6b
54
01
// frame 448 tick 35527566 ms row 35527556 DESCENT
02
4b
47
35
4c
44
49
c0
01
f4
bf
03
0b
4f
5b
f8
41
21
0e
cf
c2
54
1c
f3
67
6a
fb
f3
67
57
ff
92
00
19
00
00
65
7e
3b
6a
7c
01
// frame 449 tick 35527766 ms row 35527766 DESCENT
02
4b
47
35
4c
44
49
c1
01
f4
bf
03
0b
4d
5b
f8
41
1f
0e
cf
c2
4a
1c
c2
67
91
fb
c2
67
d9
ff
e7
00
20
00
00
78
7e
3b
69
a4
01
// frame 450 tick 35527966 ms row 35527956 DESCENT
02
4b
47
35
4c
44
49
c2
01
f4
bf
03
0b
44
5b
f8
41
22
0e
cf
c2
4c
1c
9b
67
3f
fc
9b
67
d6
ff
50
00
2f
00
00
88
7e
3b
68
cc
01
// frame 451 tick 35528166 ms row 35528166 DESCENT
02
4b
47
35
4c
44
49
c3
01
f4
bf
03
0b
51
5b
f8
41
1c
0e
cf
c2
3d
1c
75
67
6e
fc
75
67
8b
00
e9
ff
2e
00
00
9b
7e
3b
66
f4
01
// frame 452 tick 35528366 ms row 35528356 DESCENT
02
4b
47
35
4c
44
49
c4
01
f4
bf
03
0b
43
5b
f8
41
1a
0e
cf
c2
31
1c
4f
67
e7
fb
4f
67
35
00
6f
ff
1b
00
00
aa
7e
3b
65
1c
02
// frame 453 tick 35528566 ms row 35528566 DESCENT
02
4b
47
35
4c
44
49
c5
01
f4
bf
03
0b
52
5b
f8
41
21
0e
cf
c2
32
1c
21
67
aa
fb
21
67
11
ff
76
ff
e0
ff
00
bc
7e
3b
64
44
02
// frame 454 tick 35528766 ms row 35528756 DESCENT
02
4b
47
35
4c
44
49
c6
01
f4
bf
03
0b
48
5b
f8
41
19
0e
cf
c2
1c
1c
f9
66
e4
fb
f9
66
c0
ff
ac
ff
a0
ff
00
cb
7e
3b
62
6c
02
// frame 455 tick 35528966 ms row 35528966 DESCENT
02
4b
47
35
4c
44
49
c7
01
f4
bf
03
0b
49
5b
f8
41
19
0e
cf
c2
17
1c
c8
66
28
fb
c8
66
76
00
d5
ff
77
ff
00
e3
7e
3b
61
94
02
// frame 456 tick 35529166 ms row 35529156 DESCENT
02
4b
47
35
4c
44
49
c8
01
f4
bf
03
0b
53
5b
f8
41
1a
0e
cf
c2
08
1c
9a
66
90
fb
9a
66
8e
ff
3b
00
94
ff
00
f1
7e
3b
5f
bc
02
// frame 457 tick 35529366 ms row 35529366 DESCENT
02
4b
47
35
4c
44
49
c9
01
f4
bf
03
0b
4a
5b
f8
41
19
0e
cf
c2
04
1c
71
66
5f
fc
71
66
d0
00
68
00
38
00
00
04
7f
3b
5e
e4
02
// frame 458 tick 35529566 ms row 35529556 DESCENT
02
4b
47
35
4c
44
49
ca
01
f4
bf
03
0b
4b
5b
f8
41
1b
0e
cf
c2
03
1c
4e
66
68
fc
4e
66
e9
00
e8
ff
88
00
00
16
7f
3b
5d
0c
03
// frame 459 tick 35529766 ms row 35529766 DESCENT
02
4b
47
35
4c
44
49
cb
01
f4
bf
03
0b
5a
5b
f8
41
14
0e
cf
c2
f1
1b
24
66
fe
fb
24
66
9c
ff
0e
00
8e
00
00
27
7f
3b
5d
34
03
// frame 460 tick 35529966 ms row 35529956 DESCENT
02
4b
47
35
4c
44
49
cc
01
f4
bf
03
0b
54
5b
f8
41
16
0e
cf
c2
ea
1b
fc
65
f1
fb
fc
65
9e
00
94
ff
23
00
00
37
7f
3b
5c
5c
03
// frame 461 tick 35530166 ms row 35530166 DESCENT
02
4b
47
35
4c
44
49
cd
01
f4
bf
03
0b
53
5b
f8
41
19
0e
cf
c2
e2
1b
d1
65
0c
fc
d1
65
d2
ff
ed
ff
c6
ff
00
49
7f
3b
5c
84
03
// frame 462 tick 35530366 ms row 35530356 DESCENT
02
4b
47
35
4c
44
49
ce
01
f4
bf
03
0b
4e
5b
f8
41
15
0e
cf
c2
dd
1b
ac
65
2b
fc
ac
65
bd
fe
ef
ff
aa
ff
00
57
7f
3b
5c
ac
03
// frame 463 tick 35530566 ms row 35530566 DESCENT
02
4b
47
35
4c
44
49
cf
01
f4
bf
03
0b
64
5b
f8
41
11
0e
cf
c2
d2
1b
81
65
e4
fb
81
65
e6
fe
ee
ff
c1
ff
00
6b
7f
3b
5c
d4
03
// frame 464 tick 35530766 ms row 35530756 DESCENT
02
4b
47
35
4c
44
49
d0
01
f4
bf
03
0b
5f
5b
f8
41
0f
0e
cf
c2
d1
1b
59
65
fa
fb
59
65
43
ff
58
00
e7
ff
00
79
7f
3b
5d
fc
03
// frame 465 tick 35530966 ms row 35530966 DESCENT
02
4b
47
35
4c
44
49
d1
01
f4
bf
03
0b
64
5b
f8
41
0e
0e
cf
c2
bd
1b
2e
65
01
fc
2e
65
5f
00
52
00
14
00
00
8e
7f
3b
5e
24
04
// frame 466 tick 35531166 ms row 35531156 DESCENT
02
4b
47
35
4c
44
49
d2
01
f4
bf
03
0b
65
5b
f8
41
13
0e
cf
c2
be
1b
09
65
1d
fc
09
65
de
fe
70
00
30
00
00
9e
7f
3b
5f
4c
04
// frame 467 tick 35531366 ms row 35531366 DESCENT
02
4b
47
35
4c
44
49
d3
01
f4
bf
03
0b
6a
5b
f8
41
15
0e
cf
c2
b9
1b
de
64
00
fc
de
64
c4
fe
39
00
35
00
00
af
7f
3b
60
74
04
// frame 468 tick 35531566 ms row 35531556 DESCENT
02
4b
47
35
4c
44
49
d4
01
f4
bf
03
0b
63
5b
f8
41
0d
0e
cf
c2
b0
1b
b7
64
fa
fb
b7
64
34
00
2e
00
30
00
00
bf
7f
3b
61
9c
04
// frame 469 tick 35531766 ms row 35531766 DESCENT
02
4b
47
35
4c
44
49
d5
01
f4
bf
03
0b
6a
5b
f8
41
10
0e
cf
c2
a9
1b
8b
64
d6
fb
8b
64
2a
00
5f
00
1a
00
00
d3
7f
3b
62
c4
04
// frame 470 tick 35531966 ms row 35531956 DESCENT
02
4b
47
35
4c
44
49
d6
01
f4
bf
03
0c
70
5b
f8
41
0a
0e
cf
c2
99
1b
62
64
f1
fb
62
64
24
00
37
00
d3
ff
00
e2
7f
3b
64
ec
04
// frame 471 tick 35532166 ms row 35532166 DESCENT
02
4b
47
35
4c
44
49
d7
01
f4
bf
03
0c
65
5b
f8
41
0c
0e
cf
c2
95
1b
37
64
df
fb
37
64
a8
ff
43
00
9a
ff
00
f8
7f
3b
65
14
05
// frame 472 tick 35532366 ms row 35532356 DESCENT
02
4b
47
35
4c
44
49
d8
01
f4
bf
03
0c
62
5b
f8
41
0d
0e
cf
c2
8d
1b
0d
64
90
fb
0d
64
96
00
71
00
9a
ff
00
07
80
3b
67
3c
05
// frame 473 tick 35532566 ms row 35532566 DESCENT
02
4b
47
35
4c
44
49
d9
01
f4
bf
03
0c
6e
5b
f8
41
0b
0e
cf
c2
82
1b
dd
63
77
fb
dd
63
41
00
b5
01
bd
ff
00
1c
80
3b
68
64
05
// frame 474 tick 35532766 ms row 35532756 DESCENT
02
4b
47
35
4c
44
49
da
01
f4
bf
03
0c
79
5b
f8
41
0a
0e
cf
c2
75
1b
b2
63
be
fb
b2
63
89
ff
ed
ff
04
00
00
2c
80
3b
69
8c
05
// frame 475 tick 35532966 ms row 35532966 DESCENT
02
4b
47
35
4c
44
49
db
01
f4
bf
03
0c
6b
5b
f8
41
04
0e
cf
c2
70
1b
86
63
db
fb
86
63
87
fe
e9
ff
35
00
00
40
80
3b
6a
b4
05
// frame 476 tick 35533166 ms row 35533156 DESCENT
02
4b
47
35
4c
44
49
dc
01
f4
bf
03
0c
74
5b
f8
41
04
0e
cf
c2
6b
1b
5c
63
a3
fb
5c
63
e1
00
71
00
49
00
00
52
80
3b
6b
dc
05
// frame 477 tick 35533366 ms row 35533366 DESCENT
02
4b
47
35
4c
44
49
dd
01
f4
bf
03
0c
69
5b
f8
41
04
0e
cf
c2
5e
1b
2d
63
85
fb
2d
63
9f
ff
89
ff
32
00
00
65
80
3b
6c
04
06
// frame 478 tick 35533566 ms row 35533556 DESCENT
02
4b
47
35
4c
44
49
de
01
f4
bf
03
0c
7e
5b
f8
41
07
0e
cf
c2
52
1b
03
63
ce
fb
03
63
e8
fe
c1
ff
18
00
00
76
80
3b
6c
2c
06
// frame 479 tick 35533766 ms row 35533766 DESCENT
02
4b
47
35
4c
44
49
df
01
f4
bf
03
0c
8a
5b
f8
41
04
0e
cf
c2
54
1b
d6
62
c4
fb
d6
62
fc
fe
b4
ff
ed
ff
00
8b
80
3b
6c
54
06
// frame 480 tick 35533966 ms row 35533956 DESCENT
02
4b
47
35
4c
44
49
e0
01
f4
bf
03
0c
84
5b
f8
41
07
0e
cf
c2
42
1b
ac
62
97
fb
ac
62
d1
ff
0e
00
cd
ff
00
9d
80
3b
6c
7c
06
// frame 481 tick 35534166 ms row 35534166 DESCENT
02
4b
47
35
4c
44
49
e1
01
f4
bf
03
0c
69
5b
f8
41
ff
0d
cf
c2
3c
1b
7b
62
6e
fb
7b
62
29
ff
f4
ff
c4
ff
00
b1
80
3b
6b
a4
06
// frame 482 tick 35534366 ms row 35534356 DESCENT
02
4b
47
35
4c
44
49
e2
01
f4
bf
03
0c
79
5b
f8
41
ff
0d
cf
c2
34
1b
52
62
e1
fb
52
62
dd
00
2f
00
d4
ff
00
c1
80
3b
6b
cc
06
// frame 483 tick 35534566 ms row 35534566 DESCENT
02
4b
47
35
4c
44
49
e3
01
f4
bf
03
0c
80
5b
f8
41
00
0e
cf
c2
25
1b
26
62
01
fc
26
62
3a
01
50
00
e9
ff
00
d6
80
3b
6a
f4
06
// frame 484 tick 35534766 ms row 35534756 DESCENT
02
4b
47
35
4c
44
49
e4
01
f4
bf
03
0c
92
5b
f8
41
03
0e
cf
c2
22
1b
fe
61
b4
fb
fe
61
82
00
63
00
04
00
00
e6
80
3b
69
1c
07
// frame 485 tick 35534966 ms row 35534966 DESCENT
02
4b
47
35
4c
44
49
e5
01
f4
bf
03
0c
84
5b
f8
41
fe
0d
cf
c2
1b
1b
ce
61
8d
fb
ce
61
32
ff
4b
00
19
00
00
fb
80
3b
68
44
07
// frame 486 tick 35535166 ms row 35535156 DESCENT
02
4b
47
35
4c
44
49
e6
01
f4
bf
03
0c
82
5b
f8
41
fa
0d
cf
c2
12
1b
a6
61
05
fc
a6
61
d4
fe
56
00
33
00
00
0b
81
3b
66
6c
07
// frame 487 tick 35535366 ms row 35535366 DESCENT
02
4b
47
35
4c
44
49
e7
01
f4
bf
03
0c
7f
5b
f8
41
fe
0d
cf
c2
07
1b
77
61
7a
fb
77
61
2d
ff
51
00
4b
00
00
20
81
3b
65
94
07
// frame 488 tick 35535566 ms row 35535556 DESCENT
02
4b
47
35
4c
44
49
e8
01
f4
bf
03
0c
7d
5b
f8
41
fb
0d
cf
c2
fa
1a
4a
61
75
fb
4a
61
45
ff
63
00
4e
00
00
31
81
3b
64
bc
07
// frame 489 tick 35535766 ms row 35535756 DESCENT
02
4b
47
35
4c
44
49
e9
01
f4
bf
03
0c
92
5b
f8
41
fc
0d
cf
c2
f1
1a
1b
61
5b
fb
1b
61
d9
00
0a
00
35
00
00
46
81
3b
62
e4
07
// frame 490 tick 35535966 ms row 35535956 DESCENT
02
4b
47
35
4c
44
49
ea
01
f4
bf
03
0c
8a
5b
f8
41
fb
0d
cf
c2
e2
1a
eb
60
55
fb
eb
60
4f
01
13
00
c8
ff
00
5a
81
3b
61
0c
08
// frame 491 tick 35536166 ms row 35536166 DESCENT
02
4b
47
35
4c
44
49
eb
01
f4
bf
03
0c
93
5b
f8
41
f8
0d
cf
c2
e4
1a
ba
60
86
fb
ba
60
3f
00
fd
ff
8f
ff
00
70
81
3b
5f
34
08
// frame 492 tick 35536366 ms row 35536366 DESCENT
02
4b
47
35
4c
44
49
ec
01
f4
bf
03
0c
91
5b
f8
41
f9
0d
cf
c2
d8
1a
8d
60
b5
fb
8d
60
4d
01
b6
ff
8b
ff
00
82
81
3b
5e
5c
08
// frame 493 tick 35536566 ms row 35536566 DESCENT
02
4b
47
35
4c
44
49
ed
01
f4
bf
03
0c
89
5b
f8
41
f3
0d
cf
c2
c8
1a
61
60
90
fb
61
60
1a
ff
7d
ff
ef
ff
00
97
81
3b
5d
84
08
// frame 494 tick 35536766 ms row 35536766 DESCENT
02
4b
47
35
4c
44
49
ee
01
f4
bf
03
0c
9f
5b
f8
41
f7
0d
cf
c2
c2
1a
31
60
31
fb
31
60
6a
00
b4
ff
4a
00
00
aa
81
3b
5d
ac
08
// frame 495 tick 35536966 ms row 35536966 DESCENT
02
4b
47
35
4c
44
49
ef
01
f4
bf
03
0c
90
5b
f8
41
f4
0d
cf
c2
b7
1a
02
60
7a
fb
02
60
f2
00
40
00
66
00
00
bf
81
3b
5c
d4
08
// frame 496 tick 35537166 ms row 35537146 DESCENT
02
4b
47
35
4c
44
49
f0
01
f4
bf
03
0c
95
5b
f8
41
f2
0d
cf
c2
b5
1a
db
5f
20
fc
db
5f
c4
01
ba
00
5a
00
00
ce
81
3b
5c
fc
08
// frame 497 tick 35537366 ms row 35537366 DESCENT
02
4b
47
35
4c
44
49
f1
01
f4
bf
03
0c
8c
5b
f8
41
f3
0d
cf
c2
ab
1a
af
5f
c1
fb
af
5f
77
ff
61
00
2d
00
00
e5
81
3b
5c
24
09
// frame 498 tick 35537566 ms row 35537546 DESCENT
02
4b
47
35
4c
44
49
f2
01
f4
bf
03
0c
9f
5b
f8
41
ee
0d
cf
c2
a5
1a
84
5f
2e
fb
84
5f
fe
ff
91
00
34
00
00
f5
81
3b
5c
4c
09
// frame 499 tick 35537766 ms row 35537756 DESCENT
02
4b
47
35
4c
44
49
f3
01
f4
bf
03
0b
9f
5b
f8
41
f4
0d
cf
c2
9b
1a
50
5f
58
fb
50
5f
e5
fe
28
00
47
00
00
07
82
3b
5d
74
09
// frame 500 tick 35537966 ms row 35537927 DESCENT
02
4b
47
35
4c
44
49
f4
01
f4
bf
03
0b
a1
5b
f8
41
ed
0d
cf
c2
8f
1a
2c
5f
09
fc
2c
5f
2c
00
dd
ff
32
00
00
19
82
3b
5e
9c
09
// frame 501 tick 35538166 ms row 35538166 DESCENT
02
4b
47
35
4c
44
49
f5
01
f4
bf
03
0c
a7
5b
f8
41
f4
0d
cf
c2
89
1a
fc
5e
e1
fb
fc
5e
02
ff
18
00
ef
ff
00
30
82
3b
5f
c4
09
// frame 502 tick 35538366 ms row 35538346 DESCENT
02
4b
47
35
4c
44
49
f6
01
f4
bf
03
0c
a1
5b
f8
41
ef
0d
cf
c2
7e
1a
d3
5e
63
fb
d3
5e
22
00
0a
00
c2
ff
00
41
82
3b
60
ec
09
// frame 503 tick 35538566 ms row 35538557 DESCENT
02
4b
47
35
4c
44
49
f7
01
f4
bf
03
0c
a4
5b
f8
41
ea
0d
cf
c2
71
1a
9f
5e
36
fb
9f
5e
d6
00
d7
ff
b4
ff
00
54
82
3b
61
14
0a
// frame 504 tick 35538766 ms row 35538746 DESCENT
02
4b
47
35
4c
44
49
f8
01
f4
bf
03
0c
ab
5b
f8
41
ec
0d
cf
c2
6c
1a
75
5e
17
fc
75
5e
d9
00
5c
ff
cb
ff
00
67
82
3b
62
3c
0a
// frame 505 tick 35538966 ms row 35538966 DESCENT
02
4b
47
35
4c
44
49
f9
01
f4
bf
03
0c
a0
5b
f8
41
e8
0d
cf
c2
66
1a
4b
5e
33
fc
4b
5e
cc
00
74
ff
f3
ff
00
7a
82
3b
64
64
0a
// frame 506 tick 35539166 ms row 35539146 DESCENT
02
4b
47
35
4c
44
49
fa
01
f4
bf
03
0c
a9
5b
f8
41
e8
0d
cf
c2
5c
1a
25
5e
b4
fb
25
5e
e1
01
d4
ff
22
00
00
8c
82
3b
65
8c
0a
// frame 507 tick 35539366 ms row 35539356 DESCENT
02
4b
47
35
4c
44
49
fb
01
f4
bf
03
0c
a7
5b
f8
41
e6
0d
cf
c2
56
1a
f6
5d
96
fb
f6
5d
74
00
ed
ff
29
00
00
9e
82
3b
67
b4
0a
// frame 508 tick 35539566 ms row 35539566 DESCENT
02
4b
47
35
4c
44
49
fc
01
f4
bf
03
0c
a9
5b
f8
41
e7
0d
cf
c2
44
1a
c9
5d
12
fc
c9
5d
3d
00
4b
00
27
00
00
b2
82
3b
68
dc
0a
// frame 509 tick 35539766 ms row 35539746 DESCENT
02
4b
47
35
4c
44
49
fd
01
f4
bf
03
0c
b6
5b
f8
41
e4
0d
cf
c2
42
1a
a6
5d
4b
fc
a6
5d
9a
00
50
00
37
00
00
c1
82
3b
69
04
0b
// frame 510 tick 35539966 ms row 35539956 DESCENT
02
4b
47
35
4c
44
49
fe
01
f4
bf
03
0c
ae
5b
f8
41
e5
0d
cf
c2
43
1a
7c
5d
f3
fb
7c
5d
5e
00
1c
00
59
00
00
d3
82
3b
6a
2c
0b
// frame 511 tick 35540166 ms row 35540166 DESCENT
02
4b
47
35
4c
44
49
ff
01
f4
bf
03
0c
bd
5b
f8
41
e0
0d
cf
c2
3a
1a
4f
5d
b0
fb
4f
5d
8d
ff
38
00
6d
00
00
e7
82
3b
6b
54
0b
// frame 512 tick 35540366 ms row 35540346 DESCENT
02
4b
47
35
4c
44
49
00
02
f4
bf
03
0c
a6
5b
f8
41
e5
0d
cf
c2
27
1a
27
5d
e4
fb
27
5d
72
fe
4b
00
74
00
00
f6
82
3b
6c
7c
0b
// frame 513 tick 35540566 ms row 35540566 DESCENT
02
4b
47
35
4c
44
49
01
02
f4
bf
03
0c
b7
5b
f8
41
e3
0d
cf
c2
29
1a
fd
5c
6b
fc
fd
5c
e5
00
31
00
33
00
00
0a
83
3b
6c
a4
0b
// frame 514 tick 35540766 ms row 35540746 DESCENT
02
4b
47
35
4c
44
49
02
02
f4
bf
03
0c
b5
5b
f8
41
de
0d
cf
c2
16
1a
da
5c
27
fc
da
5c
af
00
4b
00
e5
ff
00
19
83
3b
6c
cc
0b
// frame 515 tick 35540966 ms row 35540956 DESCENT
02
4b
47
35
4c
44
49
03
02
f4
bf
03
0c
b7
5b
f8
41
de
0d
cf
c2
1a
1a
ab
5c
68
fb
ab
5c
1f
02
32
00
c2
ff
00
2c
83
3b
6c
f4
0b
// frame 516 tick 35541166 ms row 35541166 DESCENT
02
4b
47
35
4c
44
49
04
02
f4
bf
03
0c
bd
5b
f8
41
de
0d
cf
c2
06
1a
7b
5c
9b
fb
7b
5c
a2
ff
f0
ff
d2
ff
00
41
83
3a
6b
1c
0c
// frame 517 tick 35541366 ms row 35541346 DESCENT
02
4b
47
35
4c
44
49
05
02
f4
bf
03
0c
c2
5b
f8
41
db
0d
cf
c2
03
1a
55
5c
2f
fc
55
5c
01
01
3f
ff
e5
ff
00
51
83
3a
6b
44
0c
// frame 518 tick 35541566 ms row 35541566 DESCENT
02
4b
47
35
4c
44
49
06
02
f4
bf
03
0c
c2
5b
f8
41
db
0d
cf
c2
f3
19
2b
5c
35
fc
2b
5c
4b
01
2a
ff
fb
ff
00
65
83
3a
6a
6c
0c
// frame 519 tick 35541766 ms row 35541746 DESCENT
02
4b
47
35
4c
44
49
07
02
f4
bf
03
0c
b9
5b
f8
41
dc
0d
cf
c2
ed
19
07
5c
04
fc
07
5c
c1
02
e8
ff
05
00
00
74
83
3a
69
94
0c
// frame 520 tick 35541966 ms row 35541956 DESCENT
02
4b
47
35
4c
44
49
08
02
f4
bf
03
0c
c0
5b
f8
41
d8
0d
cf
c2
e4
19
da
5b
bb
fb
da
5b
81
00
3b
00
12
00
00
87
83
3b
68
bc
0c
// frame 521 tick 35542166 ms row 35542166 DESCENT
02
4b
47
35
4c
44
49
09
02
f4
bf
03
0c
cd
5b
f8
41
d9
0d
cf
c2
da
19
af
5b
3f
fc
af
5b
bc
00
65
00
21
00
00
99
83
3a
66
e4
0c
// frame 522 tick 35542366 ms row 35542346 DESCENT
02
4b
47
35
4c
44
49
0a
02
f4
bf
03
0c
bb
5b
f8
41
d6
0d
cf
c2
de
19
8e
5b
b3
fc
8e
5b
59
01
b1
00
12
00
00
a7
83
3b
65
0c
0d
// frame 523 tick 35542566 ms row 35542556 DESCENT
02
4b
47
35
4c
44
49
0b
02
f4
bf
03
0c
ca
5b
f8
41
d7
0d
cf
c2
d3
19
6a
5b
71
fc
6a
5b
8f
ff
94
00
ed
ff
00
b9
83
3a
64
34
0d
// frame 524 tick 35542766 ms row 35542727 DESCENT
02
4b
47
35
4c
44
49
0c
02
f4
bf
03
0c
cf
5b
f8
41
da
0d
cf
c2
cd
19
48
5b
e1
fb
48
5b
ff
00
4b
00
c7
ff
00
c8
83
3a
62
5c
0d
// frame 525 tick 35542966 ms row 35542956 DESCENT
02
4b
47
35
4c
44
49
0d
02
f4
bf
03
0c
c7
5b
f8
41
d4
0d
cf
c2
b5
19
17
5b
fe
fb
17
5b
4a
00
0a
00
f8
ff
00
da
83
3a
61
84
0d
// frame 526 tick 35543166 ms row 35543166 DESCENT
02
4b
47
35
4c
44
49
0e
02
f4
bf
03
0c
cf
5b
f8
41
d1
0d
cf
c2
b8
19
f2
5a
c4
fc
f2
5a
d8
fe
e7
ff
2b
00
00
ec
83
3a
5f
ac
0d
// frame 527 tick 35543366 ms row 35543346 DESCENT
02
4b
47
35
4c
44
49
0f
02
f4
bf
03
0c
bf
5b
f8
41
d5
0d
cf
c2
b1
19
d4
5a
b3
fc
d4
5a
3e
ff
f5
ff
4c
00
00
f8
83
3a
5e
d4
0d
// frame 528 tick 35543566 ms row 35543556 DESCENT
02
4b
47
35
4c
44
49
10
02
f4
bf
03
0c
d9
5b
f8
41
d1
0d
cf
c2
a5
19
ad
5a
04
fc
ad
5a
bb
ff
26
00
55
00
00
0b
84
3a
5d
fc
0d
// frame 529 tick 35543766 ms row 35543766 DESCENT
02
4b
47
35
4c
44
49
11
02
f4
bf
03
0c
da
5b
f8
41
d1
0d
cf
c2
a2
19
80
5a
e8
fb
80
5a
0c
00
0b
00
49
00
00
1c
84
3a
5d
14
00
// frame 530 tick 35543966 ms row 35543946 DESCENT
02
4b
47
35
4c
44
49
12
02
f4
bf
03
0c
d1
5b
f8
41
d3
0d
cf
c2
a2
19
5c
5a
4e
fc
5c
5a
da
00
27
00
2d
00
00
2b
84
3a
5c
3c
00
// frame 531 tick 35544166 ms row 35544156 DESCENT
02
4b
47
35
4c
44
49
13
02
f4
bf
03
0b
d8
5b
f8
41
d2
0d
cf
c2
96
19
36
5a
8d
fc
36
5a
f6
ff
34
00
0a
00
00
3d
84
3a
5c
64
00
// frame 532 tick 35544366 ms row 35544366 DESCENT
02
4b
47
35
4c
44
49
14
02
f4
bf
03
0b
e0
5b
f8
41
d0
0d
cf
c2
8c
19
0f
5a
48
fc
0f
5a
76
ff
49
00
f9
ff
00
4e
84
3a
5c
8c
00
// frame 533 tick 35544566 ms row 35544546 DESCENT
02
4b
47
35
4c
44
49
15
02
f4
bf
03
0b
de
5b
f8
41
d1
0d
cf
c2
83
19
eb
59
04
fc
eb
59
45
00
1f
00
fd
ff
00
5d
84
3a
5c
b4
00
// frame 534 tick 35544766 ms row 35544756 DESCENT
02
4b
47
35
4c
44
49
16
02
f4
bf
03
0b
e0
5b
f8
41
ce
0d
cf
c2
78
19
bf
59
e2
fb
bf
59
5c
ff
14
00
01
00
00
6f
84
3a
5d
dc
00
// frame 535 tick 35544966 ms row 35544966 DESCENT
02
4b
47
35
4c
44
49
17
02
f4
bf
03
0b
e1
5b
f8
41
ca
0d
cf
c2
74
19
95
59
47
fc
95
59
97
fe
fe
ff
fd
ff
00
82
84
3a
5e
04
01
// frame 536 tick 35545166 ms row 35545146 DESCENT
02
4b
47
35
4c
44
49
18
02
f4
bf
03
0b
e0
5b
f8
41
c8
0d
cf
c2
6e
19
73
59
67
fc
73
59
66
00
4a
00
fb
ff
00
91
84
3a
5f
2c
01
// frame 537 tick 35545366 ms row 35545366 DESCENT
02
4b
47
35
4c
44
49
19
02
f4
bf
03
0b
ed
5b
f8
41
ca
0d
cf
c2
5d
19
48
59
f5
fb
48
59
33
ff
3c
00
eb
ff
00
a5
84
3a
60
54
01
// frame 538 tick 35545566 ms row 35545546 DESCENT
02
4b
47
35
4c
44
49
1a
02
f4
bf
03
0c
ea
5b
f8
41
c8
0d
cf
c2
5e
19
21
59
c3
fb
21
59
0d
ff
1f
00
ea
ff
00
b6
84
3a
61
7c
01
// frame 539 tick 35545766 ms row 35545766 DESCENT
02
4b
47
35
4c
44
49
1b
02
f4
bf
03
0c
eb
5b
f8
41
c8
0d
cf
c2
50
19
f3
58
2e
fc
f3
58
3a
00
2d
00
f9
ff
00
c6
84
3a
62
a4
01
// frame 540 tick 35545966 ms row 35545946 DESCENT
02
4b
47
35
4c
44
49
1c
02
f4
bf
03
0c
e8
5b
f8
41
ca
0d
cf
c2
4b
19
d1
58
53
fc
d1
58
b5
fe
20
00
14
00
00
d9
84
3a
64
cc
01
// frame 541 tick 35546166 ms row 35546166 DESCENT
02
4b
47
35
4c
44
49
1d
02
f4
bf
03
0c
f2
5b
f8
41
c5
0d
cf
c2
41
19
a5
58
cc
fb
a5
58
a8
ff
d0
ff
25
00
00
ec
84
3a
65
f4
01
// frame 542 tick 35546366 ms row 35546346 DESCENT
02
4b
47
35
4c
44
49
1e
02
f4
bf
03
0c
ef
5b
f8
41
ca
0d
cf
c2
39
19
7d
58
a0
fb
7d
58
da
ff
f7
ff
2a
00
00
fd
84
3a
67
1c
02
// frame 543 tick 35546566 ms row 35546566 DESCENT
02
4b
47
35
4c
44
49
1f
02
f4
bf
03
0c
e9
5b
f8
41
c3
0d
cf
c2
39
19
4f
58
26
fc
4f
58
88
00
9a
ff
0e
00
00
10
85
3a
68
44
02
// frame 544 tick 35546766 ms row 35546746 DESCENT
02
4b
47
35
4c
44
49
20
02
f4
bf
03
0c
ef
5b
f8
41
c4
0d
cf
c2
2a
19
2c
58
29
fc
2c
58
79
00
a5
ff
cc
ff
00
20
85
3a
69
6c
02
// frame 545 tick 35546966 ms row 35546966 DESCENT
02
4b
47
35
4c
44
49
21
02
f4
bf
03
0c
e4
5b
f8
41
c2
0d
cf
c2
26
19
00
58
0e
fc
00
58
b2
ff
e2
ff
ba
ff
00
32
85
3a
6a
94
02
// frame 546 tick 35547166 ms row 35547146 DESCENT
02
4b
47
35
4c
44
49
22
02
f4
bf
03
0c
ed
5b
f8
41
c4
0d
cf
c2
20
19
db
57
1e
fc
db
57
4b
00
fd
ff
cf
ff
00
43
85
3a
6b
bc
02
// frame 547 tick 35547366 ms row 35547366 DESCENT
02
4b
47
35
4c
44
49
23
02
f4
bf
03
0c
ff
5b
f8
41
c2
0d
cf
c2
16
19
af
57
28
fc
af
57
e5
ff
49
00
02
00
00
56
85
3a
6c
e4
02
// frame 548 tick 35547566 ms row 35547546 DESCENT
02
4b
47
35
4c
44
49
24
02
f4
bf
03
0c
ef
5b
f8
41
bd
0d
cf
c2
12
19
8c
57
42
fc
8c
57
de
00
5b
00
2c
00
00
66
85
3a
6c
0c
03
// frame 549 tick 35547766 ms row 35547766 DESCENT
02
4b
47
35
4c
44
49
25
02
f4
bf
03
0c
f4
5b
f8
41
bf
0d
cf
c2
fa
18
61
57
01
fc
61
57
ae
00
2f
00
26
00
00
79
85
3a
6c
34
03
// frame 550 tick 35547966 ms row 35547946 DESCENT
02
4b
47
35
4c
44
49
26
02
f4
bf
03
0c
fd
5b
f8
41
bd
0d
cf
c2
f6
18
3d
57
46
fc
3d
57
51
ff
23
00
14
00
00
88
85
3a
6c
5c
03
// frame 551 tick 35548166 ms row 35548166 DESCENT
02
4b
47
35
4c
44
49
27
02
f4
bf
03
0c
f5
5b
f8
41
bd
0d
cf
c2
f6
18
15
57
5d
fc
15
57
b4
ff
c4
ff
e1
ff
00
9a
85
3a
6b
84
03
// frame 552 tick 35548366 ms row 35548346 DESCENT
02
4b
47
35
4c
44
49
28
02
f4
bf
03
0c
fc
5b
f8
41
bc
0d
cf
c2
eb
18
f2
56
1a
fc
f2
56
e7
fe
0e
00
ab
ff
00
a9
85
3a
6b
ac
03
// frame 553 tick 35548566 ms row 35548566 DESCENT
02
4b
47
35
4c
44
49
29
02
f4
bf
03
0c
f9
5b
f8
41
be
0d
cf
c2
e0
18
c4
56
c1
fb
c4
56
fa
fe
d8
ff
99
ff
00
bc
85
3a
6a
d4
03
// frame 554 tick 35548766 ms row 35548746 DESCENT
02
4b
47
35
4c
44
49
2a
02
f4
bf
03
0c
fa
5b
f8
41
ba
0d
cf
c2
d4
18
9d
56
f2
fb
9d
56
58
ff
f6
ff
a4
ff
00
cd
85
3a
69
fc
03
// frame 555 tick 35548966 ms row 35548966 DESCENT
02
4b
47
35
4c
44
49
2b
02
f4
bf
03
0c
07
5c
f8
41
bf
0d
cf
c2
d2
18
72
56
47
fc
72
56
57
00
1f
00
c3
ff
00
e0
85
3a
68
24
04
// frame 556 tick 35549166 ms row 35549146 DESCENT
02
4b
47
35
4c
44
49
2c
02
f4
bf
03
0c
02
5c
f8
41
b9
0d
cf
c2
cc
18
50
56
64
fc
50
56
c0
01
22
00
14
00
00
f0
85
3a
66
4c
04
// frame 557 tick 35549366 ms row 35549366 DESCENT
02
4b
47
35
4c
44
49
2d
02
f4
bf
03
0c
07
5c
f8
41
b7
0d
cf
c2
c4
18
25
56
d6
fb
25
56
a1
00
1f
00
5a
00
00
03
86
3a
65
74
04
// frame 558 tick 35549566 ms row 35549546 DESCENT
02
4b
47
35
4c
44
49
2e
02
f4
bf
03
0c
05
5c
f8
41
b8
0d
cf
c2
b5
18
fe
55
f8
fb
fe
55
b2
01
e9
ff
6f
00
00
13
86
3a
64
9c
04
// frame 559 tick 35549766 ms row 35549766 DESCENT
02
4b
47
35
4c
44
49
2f
02
f4
bf
03
0c
19
5c
f8
41
b5
0d
cf
c2
b3
18
d3
55
3f
fc
d3
55
fd
fe
18
00
6c
00
00
25
86
3a
62
c4
04
// frame 560 tick 35549966 ms row 35549946 DESCENT
02
4b
47
35
4c
44
49
30
02
f4
bf
03
0c
06
5c
f8
41
b3
0d
cf
c2
ab
18
b0
55
3f
fc
b0
55
dc
fe
f1
ff
2f
00
00
35
86
3a
61
ec
04
// frame 561 tick 35550166 ms row 35550166 DESCENT
02
4b
47
35
4c
44
49
31
02
f4
bf
03
0c
05
5c
f8
41
b3
0d
cf
c2
a6
18
85
55
fd
fb
85
55
4e
00
49
00
97
ff
00
49
86
3a
5f
14
05
// frame 562 tick 35550366 ms row 35550346 DESCENT
02
4b
47
35
4c
44
49
32
02
f4
bf
03
0c
08
5c
f8
41
b6
0d
cf
c2
96
18
5f
55
e5
fb
5f
55
a2
00
0b
00
87
ff
00
58
86
3a
5e
3c
05
// frame 563 tick 35550566 ms row 35550566 DESCENT
02
4b
47
35
4c
44
49
33
02
f4
bf
03
0c
0e
5c
f8
41
b1
0d
cf
c2
8b
18
32
55
12
fc
32
55
0d
00
43
00
a0
ff
00
6e
86
3a
5d
64
05
// frame 564 tick 35550766 ms row 35550756 DESCENT
02
4b
47
35
4c
44
49
34
02
f4
bf
03
0c
15
5c
f8
41
b3
0d
cf
c2
89
18
0c
55
03
fc
0c
55
9e
fe
ca
ff
09
00
00
7d
86
3a
5d
8c
05
// frame 565 tick 35550966 ms row 35550930 DESCENT
02
4b
47
35
4c
44
49
35
02
f4
bf
03
0c
00
5c
f8
41
af
0d
cf
c2
84
18
e8
54
07
fc
e8
54
e9
ff
06
00
64
00
00
8c
86
3a
5c
b4
05
// frame 566 tick 35551166 ms row 35551166 DESCENT
02
4b
47
35
4c
44
49
36
02
f4
bf
03
0c
0c
5c
f8
41
ae
0d
cf
c2
82
18
ba
54
24
fc
ba
54
62
ff
fe
ff
7b
00
00
a0
86
3a
5c
dc
05
// frame 567 tick 35551366 ms row 35551346 DESCENT
02
4b
47
35
4c
44
49
37
02
f4
bf
03
0c
11
5c
f8
41
b1
0d
cf
c2
6e
18
95
54
0e
fc
95
54
84
ff
f9
ff
64
00
00
b2
86
3a
5c
04
06
// frame 568 tick 35551566 ms row 35551566 DESCENT
02
4b
47
35
4c
44
49
38
02
f4
bf
03
0c
16
5c
f8
41
ab
0d
cf
c2
65
18
67
54
ce
fb
67
54
af
ff
00
00
29
00
00
c6
86
3a
5c
2c
06
// frame 569 tick 35551766 ms row 35551746 DESCENT
02
4b
47
35
4c
44
49
39
02
f4
bf
03
0c
1c
5c
f8
41
ae
0d
cf
c2
62
18
40
54
c8
fb
40
54
0e
01
ca
ff
fe
ff
00
d8
86
3a
5d
54
06
// frame 570 tick 35551966 ms row 35551966 DESCENT
02
4b
47
35
4c
44
49
3a
02
f4
bf
03
0c
22
5c
f8
41
ac
0d
cf
c2
54
18
11
54
cf
fb
11
54
ed
fe
13
00
e3
ff
00
ec
86
3a
5e
7c
06
// frame 571 tick 35552166 ms row 35552146 DESCENT
02
4b
47
35
4c
44
49
3b
02
f4
bf
03
0c
1f
5c
f8
41
a6
0d
cf
c2
4c
18
ea
53
db
fb
ea
53
50
fe
14
00
e6
ff
00
fc
86
3a
5f
a4
06
// frame 572 tick 35552366 ms row 35552366 DESCENT
02
4b
47
35
4c
44
49
3c
02
f4
bf
03
0c
1b
5c
f8
41
a6
0d
cf
c2
42
18
bb
53
c7
fb
bb
53
8d
ff
18
00
f3
ff
00
12
87
3a
60
cc
06
// frame 573 tick 35552566 ms row 35552546 DESCENT
02
4b
47
35
4c
44
49
3d
02
f4
bf
03
0c
26
5c
f8
41
a9
0d
cf
c2
3d
18
94
53
cd
fb
94
53
0e
00
47
00
11
00
00
23
87
3a
61
f4
06
// frame 574 tick 35552766 ms row 35552766 DESCENT
02
4b
47
35
4c
44
49
3e
02
f4
bf
03
0c
22
5c
f8
41
a5
0d
cf
c2
40
18
64
53
9f
fb
64
53
dd
ff
1d
00
34
00
00
39
87
3a
62
1c
07
// frame 575 tick 35552966 ms row 35552946 DESCENT
02
4b
47
35
4c
44
49
3f
02
f4
bf
03
0c
31
5c
f8
41
a7
0d
cf
c2
2b
18
3d
53
db
fb
3d
53
0c
00
03
00
2d
00
00
49
87
3a
64
44
07
// frame 576 tick 35553166 ms row 35553166 DESCENT
02
4b
47
35
4c
44
49
40
02
f4
bf
03
0c
24
5c
f8
41
a2
0d
cf
c2
26
18
10
53
1b
fc
10
53
d8
01
47
ff
05
00
00
5c
87
3a
65
6c
07
// frame 577 tick 35553366 ms row 35553346 DESCENT
02
4b
47
35
4c
44
49
41
02
f4
bf
03
0c
39
5c
f8
41
a4
0d
cf
c2
1d
18
ec
52
04
fc
ec
52
ca
ff
ec
ff
cd
ff
00
6d
87
3a
67
94
07
// frame 578 tick 35553566 ms row 35553566 DESCENT
02
4b
47
35
4c
44
49
42
02
f4
bf
03
0c
27
5c
f8
41
a1
0d
cf
c2
12
18
bd
52
60
fb
bd
52
9a
fe
a0
ff
da
ff
00
83
87
3a
68
bc
07
// frame 579 tick 35553766 ms row 35553746 DESCENT
02
4b
47
35
4c
44
49
43
02
f4
bf
03
0c
2a
5c
f8
41
a2
0d
cf
c2
09
18
90
52
4d
fb
90
52
22
00
c5
ff
01
00
00
94
87
3a
69
e4
07
// frame 580 tick 35553966 ms row 35553966 DESCENT
02
4b
47
35
4c
44
49
44
02
f4
bf
03
0c
1e
5c
f8
41
a2
0d
cf
c2
02
18
61
52
08
fc
61
52
d5
fe
00
00
1b
00
00
aa
87
3a
6a
0c
08
// frame 581 tick 35554166 ms row 35554146 DESCENT
02
4b
47
35
4c
44
49
45
02
f4
bf
03
0c
30
5c
f8
41
a2
0d
cf
c2
f6
17
3d
52
25
fc
3d
52
19
00
21
00
25
00
00
ba
87
3a
6b
34
08
// frame 582 tick 35554366 ms row 35554366 DESCENT
02
4b
47
35
4c
44
49
46
02
f4
bf
03
0c
34
5c
f8
41
9d
0d
cf
c2
f1
17
0f
52
c8
fb
0f
52
f0
ff
2a
00
23
00
00
d0
87
3a
6c
5c
08
// frame 583 tick 35554566 ms row 35554546 DESCENT
02
4b
47
35
4c
44
49
47
02
f4
bf
03
0c
32
5c
f8
41
9e
0d
cf
c2
e6
17
e6
51
71
fb
e6
51
8d
ff
58
00
1c
00
00
e2
87
3a
6c
84
08
// frame 584 tick 35554766 ms row 35554766 DESCENT
02
4b
47
35
4c
44
49
48
02
f4
bf
03
0c
38
5c
f8
41
9a
0d
cf
c2
df
17
b4
51
d6
fb
b4
51
ff
01
e7
ff
01
00
00
f6
87
3a
6c
ac
08
// frame 585 tick 35554966 ms row 35554946 DESCENT
02
4b
47
35
4c
44
49
49
02
f4
bf
03
0c
2e
5c
f8
41
9d
0d
cf
c2
d8
17
90
51
58
fc
90
51
4f
00
b4
ff
f9
ff
00
07
88
3a
6c
d4
08
// frame 586 tick 35555166 ms row 35555166 DESCENT
02
4b
47
35
4c
44
49
4a
02
f4
bf
03
0c
38
5c
f8
41
9e
0d
cf
c2
d2
17
67
51
2c
fc
67
51
6c
ff
be
ff
15
00
00
1b
88
3a
6b
fc
08
// frame 587 tick 35555366 ms row 35555346 DESCENT
02
4b
47
35
4c
44
49
4b
02
f4
bf
03
0c
3f
5c
f8
41
98
0d
cf
c2
c8
17
42
51
dc
fb
42
51
5f
01
cd
ff
32
00
00
2b
88
3a
6b
24
09
// frame 588 tick 35555566 ms row 35555518 DESCENT
02
4b
47
35
4c
44
49
4c
02
f4
bf
03
0c
38
5c
f8
41
97
0d
cf
c2
c0
17
1d
51
c2
fb
1d
51
32
00
0f
00
45
00
00
39
88
3a
6a
4c
09
// frame 589 tick 35555766 ms row 35555766 DESCENT
02
4b
47
35
4c
44
49
4d
02
f4
bf
03
0c
30
5c
f8
41
98
0d
cf
c2
b7
17
ea
50
25
fc
ea
50
11
01
32
00
44
00
00
50
88
3a
69
74
09
// frame 590 tick 35555966 ms row 35555946 DESCENT
02
4b
47
35
4c
44
49
4e
02
f4
bf
03
0c
32
5c
f8
41
94
0d
cf
c2
ac
17
c8
50
50
fc
c8
50
42
ff
9d
00
30
00
00
60
88
3a
68
9c
09
// frame 591 tick 35556166 ms row 35556166 DESCENT
02
4b
47
35
4c
44
49
4f
02
f4
bf
03
0c
43
5c
f8
41
98
0d
cf
c2
a4
17
9f
50
29
fc
9f
50
2a
ff
50
00
c2
ff
00
74
88
3a
66
c4
09
// frame 592 tick 35556366 ms row 35556346 DESCENT
02
4b
47
35
4c
44
49
50
02
f4
bf
03
0c
31
5c
f8
41
95
0d
cf
c2
9c
17
78
50
ab
fb
78
50
67
01
04
00
a3
ff
00
84
88
3a
65
ec
09
// frame 593 tick 35556566 ms row 35556566 DESCENT
02
4b
47
35
4c
44
49
51
02
f4
bf
03
0c
40
5c
f8
41
97
0d
cf
c2
98
17
46
50
9c
fb
46
50
7c
01
33
00
9b
ff
00
99
88
3a
64
14
0a
// frame 594 tick 35556766 ms row 35556746 DESCENT
02
4b
47
35
4c
44
49
52
02
f4
bf
03
0c
3c
5c
f8
41
95
0d
cf
c2
90
17
21
50
28
fc
21
50
99
ff
d4
ff
a8
ff
00
aa
88
3a
62
3c
0a
// frame 595 tick 35556966 ms row 35556966 DESCENT
02
4b
47
35
4c
44
49
53
02
f4
bf
03
0c
48
5c
f8
41
92
0d
cf
c2
8d
17
f8
4f
7d
fc
f8
4f
ee
ff
d7
ff
ed
ff
00
bc
88
3a
61
64
0a
// frame 596 tick 35557166 ms row 35557146 DESCENT
02
4b
47
35
4c
44
49
54
02
f4
bf
03
0c
3a
5c
f8
41
94
0d
cf
c2
81
17
d8
4f
5e
fc
d8
4f
a9
ff
0b
00
30
00
00
cc
88
3a
5f
8c
0a
// frame 597 tick 35557366 ms row 35557366 DESCENT
02
4b
47
35
4c
44
49
55
02
f4
bf
03
0c
46
5c
f8
41
90
0d
cf
c2
7a
17
ab
4f
d4
fb
ab
4f
69
ff
09
00
5c
00
00
df
88
3a
5e
b4
0a
// frame 598 tick 35557566 ms row 35557546 DESCENT
02
4b
47
35
4c
44
49
56
02
f4
bf
03
0c
4b
5c
f8
41
90
0d
cf
c2
66
17
85
4f
32
fc
85
4f
25
00
ae
ff
5e
00
00
ed
88
3a
5d
dc
0a
// frame 599 tick 35557766 ms row 35557766 DESCENT
02
4b
47
35
4c
44
49
57
02
f4
bf
03
0c
55
5c
f8
41
91
0d
cf
c2
62
17
5e
4f
95
fc
5e
4f
76
ff
b3
ff
0c
00
00
02
89
3a
5d
04
0b
// frame 600 tick 35557966 ms row 35557946 DESCENT
02
4b
47
35
4c
44
49
58
02
f4
bf
03
0c
48
5c
f8
41
8e
0d
cf
c2
57
17
3c
4f
29
fc
3c
4f
f3
ff
c2
ff
d8
ff
00
11
89
3a
5c
2c
0b
// frame 601 tick 35558166 ms row 35558166 DESCENT
02
4b
47
35
4c
44
49
59
02
f4
bf
03
0c
5d
5c
f8
41
8d
0d
cf
c2
58
17
0e
4f
b3
fb
0e
4f
99
fe
26
00
cb
ff
00
26
89
3a
5c
54
0b
// frame 602 tick 35558366 ms row 35558346 DESCENT
02
4b
47
35
4c
44
49
5a
02
f4
bf
03
0c
55
5c
f8
41
8e
0d
cf
c2
52
17
e6
4e
d2
fb
e6
4e
7e
ff
0f
00
d3
ff
00
35
89
3a
5c
7c
0b
// frame 603 tick 35558566 ms row 35558566 DESCENT
02
4b
47
35
4c
44
49
5b
02
f4
bf
03
0b
52
5c
f8
41
8c
0d
cf
c2
48
17
b9
4e
13
fc
b9
4e
7f
ff
6c
00
e2
ff
00
49
89
3a
5c
a4
0b
// frame 604 tick 35558766 ms row 35558746 DESCENT
02
4b
47
35
4c
44
49
5c
02
f4
bf
03
0b
47
5c
f8
41
89
0d
cf
c2
3b
17
95
4e
1e
fc
95
4e
45
ff
7d
00
f6
ff
00
5a
89
3a
5d
cc
0b
// frame 605 tick 35558966 ms row 35558966 DESCENT
02
4b
47
35
4c
44
49
5d
02
f4
bf
03
0b
58
5c
f8
41
87
0d
cf
c2
3a
17
68
4e
cd
fb
68
4e
d2
ff
08
00
07
00
00
6f
89
3a
5e
f4
0b
// frame 606 tick 35559166 ms row 35559146 DESCENT
02
4b
47
35
4c
44
49
5e
02
f4
bf
03
0c
67
5c
f8
41
87
0d
cf
c2
2a
17
3f
4e
78
fb
3f
4e
e1
fe
21
00
0a
00
00
81
89
3a
5f
1c
0c
// frame 607 tick 35559366 ms row 35559366 DESCENT
02
4b
47
35
4c
44
49
5f
02
f4
bf
03
0c
5f
5c
f8
41
87
0d
cf
c2
28
17
0d
4e
cb
fb
0d
4e
46
ff
29
00
f6
ff
00
96
89
3a
60
44
0c
// frame 608 tick 35559566 ms row 35559546 DESCENT
02
4b
47
35
4c
44
49
60
02
f4
bf
03
0c
60
5c
f8
41
89
0d
cf
c2
15
17
e7
4d
e0
fb
e7
4d
2b
00
3d
00
ed
ff
00
a9
89
3a
61
6c
0c
// frame 609 tick 35559766 ms row 35559766 DESCENT
02
4b
47
35
4c
44
49
61
02
f4
bf
03
0c
61
5c
f8
41
84
0d
cf
c2
18
17
b7
4d
99
fb
b7
4d
87
ff
20
00
dd
ff
00
bf
89
3a
62
94
0c
// frame 610 tick 35559966 ms row 35559946 DESCENT
02
4b
47
35
4c
44
49
62
02
f4
bf
03
0c
60
5c
f8
41
86
0d
cf
c2
0d
17
8e
4d
9d
fb
8e
4d
a0
00
13
00
c2
ff
00
d0
89
3a
64
bc
0c
// frame 611 tick 35560166 ms row 35560166 DESCENT
02
4b
47
35
4c
44
49
63
02
f4
bf
03
0c
6d
5c
f8
41
81
0d
cf
c2
02
17
5f
4d
ff
fb
5f
4d
55
01
1d
00
c1
ff
00
e4
89
3a
65
e4
0c
// frame 612 tick 35560366 ms row 35560346 DESCENT
02
4b
47
35
4c
44
49
64
02
f4
bf
03
0c
5f
5c
f8
41
82
0d
cf
c2
fa
16
3b
4d
22
fc
3b
4d
ef
ff
64
00
d1
ff
00
f6
89
3a
67
0c
0d
// frame 613 tick 35560566 ms row 35560566 DESCENT
02
4b
47
35
4c
44
49
65
02
f4
bf
03
0c
72
5c
f8
41
83
0d
cf
c2
ec
16
0e
4d
b3
fb
0e
4d
32
00
1c
00
d5
ff
00
0b
8a
3a
68
34
0d
// frame 614 tick 35560766 ms row 35560748 DESCENT
02
4b
47
35
4c
44
49
66
02
f4
bf
03
0c
71
5c
f8
41
83
0d
cf
c2
eb
16
e5
4c
91
fb
e5
4c
a7
fe
5a
00
e4
ff
00
1b
8a
3a
69
5c
0d
// frame 615 tick 35560966 ms row 35560928 DESCENT
02
4b
47
35
4c
44
49
67
02
f4
bf
03
0c
6e
5c
f8
41
7d
0d
cf
c2
df
16
be
4c
e4
fb
be
4c
f3
fe
19
00
e7
ff
00
2d
8a
3a
6a
84
0d
// frame 616 tick 35561166 ms row 35561166 DESCENT
02
4b
47
35
4c
44
49
68
02
f4
bf
03
0c
6d
5c
f8
41
7f
0d
cf
c2
db
16
8f
4c
17
fc
8f
4c
13
00
5e
00
16
00
00
44
8a
3a
6b
ac
0d
// frame 617 tick 35561366 ms row 35561346 DESCENT
02
4b
47
35
4c
44
49
69
02
f4
bf
03
0c
6a
5c
f8
41
7e
0d
cf
c2
d3
16
69
4c
d7
fb
69
4c
e5
fe
28
00
2c
00
00
54
8a
3a
6c
d4
0d
// frame 618 tick 35561566 ms row 35561566 DESCENT
02
4b
47
35
4c
44
49
6a
02
f4
bf
03
0c
72
5c
f8
41
7e
0d
cf
c2
ce
16
38
4c
7f
fb
38
4c
99
ff
04
00
23
00
00
6b
8a
3a
6c
fc
0d
// frame 619 tick 35561766 ms row 35561746 DESCENT
02
4b
47
35
4c
44
49
6b
02
f4
bf
03
0c
7a
5c
f8
41
7d
0d
cf
c2
bb
16
0e
4c
84
fb
0e
4c
1c
ff
08
00
25
00
00
7b
8a
3a
6c
14
00
// frame 620 tick 35561966 ms row 35561966 DESCENT
02
4b
47
35
4c
44
49
6c
02
f4
bf
03
0c
7d
5c
f8
41
7d
0d
cf
c2
bf
16
df
4b
fd
fb
df
4b
e2
ff
a9
ff
40
00
00
91
8a
3a
6c
3c
00
// frame 621 tick 35562166 ms row 35562146 DESCENT
02
4b
47
35
4c
44
49
6d
02
f4
bf
03
0c
75
5c
f8
41
77
0d
cf
c2
ae
16
ba
4b
30
fc
ba
4b
6d
01
df
ff
5d
00
00
a2
8a
3a
6b
64
00
// frame 622 tick 35562366 ms row 35562366 DESCENT
02
4b
47
35
4c
44
49
6e
02
f4
bf
03
0c
83
5c
f8
41
7a
0d
cf
c2
a3
16
8e
4b
df
fb
8e
4b
bd
00
d3
ff
6f
00
00
b7
8a
3a
6b
8c
00
// frame 623 tick 35562566 ms row 35562546 DESCENT
02
4b
47
35
4c
44
49
6f
02
f4
bf
03
0c
81
5c
f8
41
76
0d
cf
c2
9d
16
66
4b
91
fb
66
4b
b9
00
bb
ff
5a
00
00
c8
8a
3a
6a
b4
00
// frame 624 tick 35562766 ms row 35562766 DESCENT
02
4b
47
35
4c
44
49
70
02
f4
bf
03
0c
79
5c
f8
41
79
0d
cf
c2
8e
16
36
4b
d7
fb
36
4b
cb
00
45
00
11
00
00
de
8a
3a
69
dc
00
// frame 625 tick 35562966 ms row 35562946 DESCENT
02
4b
47
35
4c
44
49
71
02
f4
bf
03
0c
73
5c
f8
41
74
0d
cf
c2
89
16
11
4b
26
fc
11
4b
17
01
26
00
cf
ff
00
ef
8a
3a
68
04
01
// frame 626 tick 35563166 ms row 35563166 DESCENT
02
4b
47
35
4c
44
49
72
02
f4
bf
03
0c
7c
5c
f8
41
75
0d
cf
c2
82
16
e5
4a
e5
fb
e5
4a
5c
ff
20
00
c2
ff
00
02
8b
3a
66
2c
01
// frame 627 tick 35563366 ms row 35563346 DESCENT
02
4b
47
35
4c
44
49
73
02
f4
bf
03
0c
7f
5c
f8
41
73
0d
cf
c2
7d
16
bd
4a
af
fb
bd
4a
15
ff
40
00
db
ff
00
14
8b
3a
65
54
01
// frame 628 tick 35563566 ms row 35563566 DESCENT
02
4b
47
35
4c
44
49
74
02
f4
bf
03
0b
88
5c
f8
41
72
0d
cf
c2
70
16
8c
4a
bc
fb
8c
4a
99
ff
25
00
e5
ff
00
2b
8b
3a
64
7c
01
// frame 629 tick 35563766 ms row 35563746 DESCENT
02
4b
47
35
4c
44
49
75
02
f4
bf
03
0b
94
5c
f8
41
73
0d
cf
c2
69
16
66
4a
08
fc
66
4a
ff
ff
57
00
de
ff
00
3b
8b
3a
62
a4
01
// frame 630 tick 35563966 ms row 35563966 DESCENT
02
4b
47
35
4c
44
49
76
02
f4
bf
03
0b
86
5c
f8
41
72
0d
cf
c2
63
16
3a
4a
e9
fb
3a
4a
62
ff
b9
ff
dc
ff
00
50
8b
3a
61
cc
01
// frame 631 tick 35564166 ms row 35564146 DESCENT
02
4b
47
35
4c
44
49
77
02
f4
bf
03
0b
80
5c
f8
41
72
0d
cf
c2
53
16
11
4a
8d
fb
11
4a
4d
ff
ce
ff
db
ff
00
62
8b
3a
5f
f4
01
// frame 632 tick 35564366 ms row 35564366 DESCENT
02
4b
47
35
4c
44
49
78
02
f4
bf
03
0c
81
5c
f8
41
6c
0d
cf
c2
51
16
de
49
64
fb
de
49
21
00
aa
ff
d0
ff
00
79
8b
3a
5e
1c
02
// frame 633 tick 35564566 ms row 35564546 DESCENT
02
4b
47
35
4c
44
49
79
02
f4
bf
03
0c
9a
5c
f8
41
6f
0d
cf
c2
45
16
b4
49
7b
fb
b4
49
3b
00
84
ff
01
00
00
8c
8b
3a
5d
44
02
// frame 634 tick 35564766 ms row 35564766 DESCENT
02
4b
47
35
4c
44
49
7a
02
f4
bf
03
0c
8b
5c
f8
41
6c
0d
cf
c2
35
16
83
49
be
fb
83
49
b7
ff
fb
ff
25
00
00
a2
8b
3a
5d
6c
02
// frame 635 tick 35564966 ms row 35564946 DESCENT
02
4b
47
35
4c
44
49
7b
02
f4
bf
03
0b
93
5c
f8
41
6b
0d
cf
c2
33
16
5b
49
c3
fb
5b
49
9f
00
73
00
2f
00
00
b4
8b
3a
5c
94
02
// frame 636 tick 35565166 ms row 35565166 DESCENT
02
4b
47
35
4c
44
49
7c
02
f4
bf
03
0b
97
5c
f8
41
6a
0d
cf
c2
2c
16
2c
49
c3
fb
2c
49
e4
01
37
01
1e
00
00
cb
8b
3a
5c
bc
02
// frame 637 tick 35565366 ms row 35565346 DESCENT
02
4b
47
35
4c
44
49
7d
02
f4
bf
03
0b
90
5c
f8
41
6e
0d
cf
c2
19
16
05
49
a6
fb
05
49
96
00
36
00
f8
ff
00
db
8b
3a
5c
e4
02
// frame 638 tick 35565566 ms row 35565566 DESCENT
02
4b
47
35
4c
44
49
7e
02
f4
bf
03
0b
8b
5c
f8
41
6c
0d
cf
c2
17
16
d4
48
84
fb
d4
48
08
00
1c
00
de
ff
00
f4
8b
3a
5c
0c
03
// frame 639 tick 35565766 ms row 35565746 DESCENT
02
4b
47
35
4c
44
49
7f
02
f4
bf
03
0b
8d
5c
f8
41
67
0d
cf
c2
0d
16
ac
48
d8
fb
ac
48
52
00
f7
ff
cd
ff
00
03
8c
3a
5d
34
03
// frame 640 tick 35565966 ms row 35565966 DESCENT
02
4b
47
35
4c
44
49
80
02
f4
bf
03
0b
9c
5c
f8
41
67
0d
cf
c2
05
16
80
48
3e
fc
80
48
b0
00
98
ff
b5
ff
00
18
8c
3a
5e
5c
03
// frame 641 tick 35566166 ms row 35566146 DESCENT
02
4b
47
35
4c
44
49
81
02
f4
bf
03
0b
9f
5c
f8
41
65
0d
cf
c2
ff
15
5d
48
0f
fc
5d
48
c2
ff
44
00
cd
ff
00
29
8c
3a
5f
84
03
// frame 642 tick 35566366 ms row 35566366 DESCENT
02
4b
47
35
4c
44
49
82
02
f4
bf
03
0b
97
5c
f8
41
66
0d
cf
c2
f6
15
2e
48
7f
fb
2e
48
8c
ff
d6
ff
e1
ff
00
3e
8c
3a
60
ac
03
// frame 643 tick 35566566 ms row 35566546 DESCENT
02
4b
47
35
4c
44
49
83
02
f4
bf
03
0b
9a
5c
f8
41
62
0d
cf
c2
ef
15
05
48
e2
fb
05
48
db
ff
b0
00
1e
00
00
4d
8c
3a
61
d4
03
// frame 644 tick 35566766 ms row 35566766 DESCENT
02
4b
47
35
4c
44
49
84
02
f4
bf
03
0b
9e
5c
f8
41
64
0d
cf
c2
eb
15
db
47
3b
fc
db
47
46
fe
5e
00
6d
00
00
63
8c
3a
62
fc
03
// frame 645 tick 35566966 ms row 35566946 DESCENT
02
4b
47
35
4c
44
49
85
02
f4
bf
03
0b
ae
5c
f8
41
5f
0d
cf
c2
de
15
b6
47
de
fb
b6
47
e6
ff
76
00
89
00
00
75
8c
3a
64
24
04
// frame 646 tick 35567166 ms row 35567166 DESCENT
02
4b
47
35
4c
44
49
86
02
f4
bf
03
0b
a4
5c
f8
41
61
0d
cf
c2
dc
15
82
47
41
fb
82
47
17
ff
1b
00
8f
00
00
8c
8c
3a
65
4c
04
// frame 647 tick 35567366 ms row 35567346 DESCENT
02
4b
47
35
4c
44
49
87
02
f4
bf
03
0b
a3
5c
f8
41
60
0d
cf
c2
cb
15
58
47
ab
fb
58
47
d4
fe
fa
ff
9c
00
00
9d
8c
3a
67
74
04
// frame 648 tick 35567566 ms row 35567566 DESCENT
02
4b
47
35
4c
44
49
88
02
f4
bf
03
0b
a8
5c
f8
41
5f
0d
cf
c2
be
15
2b
47
08
fc
2b
47
88
00
49
00
69
00
00
b3
8c
3a
68
9c
04
// frame 649 tick 35567766 ms row 35567746 DESCENT
02
4b
47
35
4c
44
49
89
02
f4
bf
03
0b
a2
5c
f8
41
5f
0d
cf
c2
be
15
05
47
bd
fb
05
47
9d
00
79
00
24
00
00
c5
8c
3a
69
c4
04
// frame 650 tick 35567966 ms row 35567966 DESCENT
02
4b
47
35
4c
44
49
8a
02
f4
bf
03
0b
a8
5c
f8
41
5c
0d
cf
c2
b3
15
d2
46
3f
fb
d2
46
50
00
47
00
e5
ff
00
dc
8c
3a
6a
ec
04
// frame 651 tick 35568166 ms row 35568146 DESCENT
02
4b
47
35
4c
44
49
8b
02
f4
bf
03
0b
bb
5c
f8
41
5c
0d
cf
c2
aa
15
a5
46
4b
fb
a5
46
76
ff
3b
00
c6
ff
00
ef
8c
3a
6b
14
05
// frame 652 tick 35568366 ms row 35568366 DESCENT
02
4b
47
35
4c
44
49
8c
02
f4
bf
03
0b
b2
5c
f8
41
5c
0d
cf
c2
9e
15
72
46
af
fb
72
46
d4
01
38
00
ca
ff
00
06
8d
3a
6c
3c
05
// frame 653 tick 35568566 ms row 35568546 DESCENT
02
4b
47
35
4c
44
49
8d
02
f4
bf
03
0b
a8
5c
f8
41
5d
0d
cf
c2
95
15
4b
46
e4
fb
4b
46
a0
01
22
00
f5
ff
00
1a
8d
3a
6c
64
05
// frame 654 tick 35568766 ms row 35568766 DESCENT
02
4b
47
35
4c
44
49
8e
02
f4
bf
03
0b
a1
5c
f8
41
56
0d
cf
c2
90
15
1d
46
97
fb
1d
46
98
ff
03
00
2c
00
00
2f
8d
3a
6c
8c
05
// frame 655 tick 35568966 ms row 35568946 DESCENT
02
4b
47
35
4c
44
49
8f
02
f4
bf
03
0b
ad
5c
f8
41
57
0d
cf
c2
82
15
f3
45
64
fb
f3
45
55
ff
ed
ff
40
00
00
41
8d
3a
6c
b4
05
// frame 656 tick 35569166 ms row 35569166 DESCENT
02
4b
47
35
4c
44
49
90
02
f4
bf
03
0b
b6
5c
f8
41
58
0d
cf
c2
7d
15
bf
45
6e
fb
bf
45
40
ff
f4
ff
3f
00
00
5a
8d
3a
6b
dc
05
// frame 657 tick 35569366 ms row 35569346 DESCENT
02
4b
47
35
4c
44
49
91
02
f4
bf
03
0b
b7
5c
f8
41
57
0d
cf
c2
6e
15
96
45
af
fb
96
45
cb
00
f3
ff
16
00
00
6b
8d
3a
6b
04
06
// frame 658 tick 35569566 ms row 35569566 DESCENT
02
4b
47
35
4c
44
49
92
02
f4
bf
03
0b
c2
5c
f8
41
55
0d
cf
c2
6d
15
68
45
f6
fb
68
45
9c
ff
2e
00
cb
ff
00
82
8d
3a
6a
2c
06
// frame 659 tick 35569766 ms row 35569746 DESCENT
02
4b
47
35
4c
44
49
93
02
f4
bf
03
0b
b4
5c
f8
41
5a
0d
cf
c2
67
15
41
45
ab
fb
41
45
81
ff
5a
00
a9
ff
00
93
8d
3a
69
54
06
// frame 660 tick 35569966 ms row 35569966 DESCENT
02
4b
47
35
4c
44
49
94
02
f4
bf
03
0b
bc
5c
f8
41
53
0d
cf
c2
58
15
0e
45
63
fb
0e
45
d3
00
6e
00
c5
ff
00
a9
8d
3a
68
7c
06
// frame 661 tick 35570166 ms row 35570146 DESCENT
02
4b
47
35
4c
44
49
95
02
f4
bf
03
0b
b9
5c
f8
41
54
0d
cf
c2
51
15
e4
44
93
fb
e4
44
65
00
52
00
f4
ff
00
bd
8d
3a
66
a4
06
// frame 662 tick 35570366 ms row 35570366 DESCENT
02
4b
47
35
4c
44
49
96
02
f4
bf
03
0b
ae
5c
f8
41
53
0d
cf
c2
4a
15
b5
44
db
fb
b5
44
6c
00
08
00
13
00
00
d3
8d
3a
65
cc
06
// frame 663 tick 35570566 ms row 35570546 DESCENT
02
4b
47
35
4c
44
49
97
02
f4
bf
03
0b
b9
5c
f8
41
53
0d
cf
c2
3e
15
8e
44
cf
fb
8e
44
84
01
3f
00
1d
00
00
e5
8d
3a
64
f4
06
// frame 664 tick 35570766 ms row 35570766 DESCENT
02
4b
47
35
4c
44
49
98
02
f4
bf
03
0b
c6
5c
f8
41
52
0d
cf
c2
36
15
5f
44
9c
fb
5f
44
4a
ff
22
00
1b
00
00
fc
8d
3a
62
1c
07
// frame 665 tick 35570966 ms row 35570946 DESCENT
02
4b
47
35
4c
44
49
99
02
f4
bf
03
0b
d3
5c
f8
41
4d
0d
cf
c2
2c
15
35
44
76
fb
35
44
bf
fe
0a
00
08
00
00
0d
8e
3a
61
44
07
// frame 666 tick 35571166 ms row 35571166 DESCENT
02
4b
47
35
4c
44
49
9a
02
f4
bf
03
0b
c2
5c
f8
41
4b
0d
cf
c2
27
15
02
44
74
fb
02
44
e0
fe
ff
ff
e2
ff
00
25
8e
3a
5f
6c
07
// frame 667 tick 35571366 ms row 35571346 DESCENT
02
4b
47
35
4c
44
49
9b
02
f4
bf
03
0b
bb
5c
f8
41
4e
0d
cf
c2
1a
15
d8
43
98
fb
d8
43
48
00
d2
ff
b6
ff
00
38
8e
3a
5e
94
07
// frame 668 tick 35571566 ms row 35571566 DESCENT
02
4b
47
35
4c
44
49
9c
02
f4
bf
03
0b
c0
5c
f8
41
4d
0d
cf
c2
0e
15
a8
43
a1
fb
a8
43
6a
00
dc
ff
b8
ff
00
4f
8e
3a
5d
bc
07
// frame 669 tick 35571766 ms row 35571746 DESCENT
02
4b
47
35
4c
44
49
9d
02
f4
bf
03
0b
c9
5c
f8
41
4b
0d
cf
c2
09
15
7e
43
54
fb
7e
43
43
00
1e
00
d6
ff
00
63
8e
3a
5d
e4
07
// frame 670 tick 35571966 ms row 35571966 DESCENT
02
4b
47
35
4c
44
49
9e
02
f4
bf
03
0b
cb
5c
f8
41
4d
0d
cf
c2
fe
14
4b
43
b3
fb
4b
43
17
01
04
00
61
00
00
79
8e
3a
5c
0c
08
// frame 671 tick 35572166 ms row 35572146 DESCENT
02
4b
47
35
4c
44
49
9f
02
f4
bf
03
0b
ce
5c
f8
41
49
0d
cf
c2
fe
14
25
43
f4
fb
25
43
6f
01
2b
00
78
00
00
8a
8e
3a
5c
34
08
// frame 672 tick 35572366 ms row 35572366 DESCENT
02
4b
47
35
4c
44
49
a0
02
f4
bf
03
0a
d6
5c
f8
41
4b
0d
cf
c2
ec
14
f8
42
e2
fb
f8
42
78
00
0b
00
64
00
00
a0
8e
3a
5c
5c
08
// frame 673 tick 35572566 ms row 35572546 DESCENT
02
4b
47
35
4c
44
49
a1
02
f4
bf
03
0a
d4
5c
f8
41
48
0d
cf
c2
e9
14
cf
42
48
fb
cf
42
89
fe
14
00
1a
00
00
b3
8e
3a
5c
84
08
// frame 674 tick 35572766 ms row 35572766 DESCENT
02
4b
47
35
4c
44
49
a2
02
f4
bf
03
0a
d9
5c
f8
41
47
0d
cf
c2
da
14
99
42
49
fb
99
42
b2
fe
62
00
c6
ff
00
cb
8e
3a
5d
ac
08
// frame 675 tick 35572966 ms row 35572946 DESCENT
02
4b
47
35
4c
44
49
a3
02
f4
bf
03
0a
ce
5c
f8
41
43
0d
cf
c2
d5
14
6f
42
90
fb
6f
42
e6
fe
f8
ff
a2
ff
00
de
8e
3a
5e
d4
08
// frame 676 tick 35573166 ms row 35573166 DESCENT
02
4b
47
35
4c
44
49
a4
02
f4
bf
03
0a
dc
5c
f8
41
44
0d
cf
c2
c5
14
3f
42
c9
fb
3f
42
73
00
2c
00
9c
ff
00
f5
8e
3a
5f
fc
08
// frame 677 tick 35573366 ms row 35573346 DESCENT
02
4b
47
35
4c
44
49
a5
02
f4
bf
03
0a
dd
5c
f8
41
43
0d
cf
c2
be
14
17
42
95
fb
17
42
09
01
2c
00
d8
ff
00
08
8f
3a
60
24
09
// frame 678 tick 35573566 ms row 35573566 DESCENT
02
4b
47
35
4c
44
49
a6
02
f4
bf
03
0a
e2
5c
f8
41
41
0d
cf
c2
ac
14
e3
41
38
fb
e3
41
b8
ff
22
00
80
00
00
1f
8f
3a
61
4c
09
// frame 679 tick 35573766 ms row 35573746 DESCENT
02
4b
47
35
4c
44
49
a7
02
f4
bf
03
09
e3
5c
f8
41
41
0d
cf
c2
a6
14
b8
41
92
fb
b8
41
70
00
8d
00
a2
00
00
32
8f
3a
62
74
09
// frame 680 tick 35573966 ms row 35573966 DESCENT
02
4b
47
35
4c
44
49
a8
02
f4
bf
03
09
da
5c
f8
41
42
0d
cf
c2
a4
14
88
41
de
fb
88
41
9d
00
d2
00
3f
00
00
49
8f
3a
64
9c
09
// frame 681 tick 35574166 ms row 35574146 DESCENT
02
4b
47
35
4c
44
49
a9
02
f4
bf
03
09
e9
5c
f8
41
3f
0d
cf
c2
9c
14
61
41
b6
fb
61
41
f6
fe
50
00
d8
ff
00
5b
8f
3a
65
c4
09
// frame 682 tick 35574366 ms row 35574366 DESCENT
02
4b
47
35
4c
44
49
aa
02
f4
bf
03
09
d6
5c
f8
41
3e
0d
cf
c2
92
14
2a
41
a1
fa
2a
41
e5
00
0a
00
b4
ff
00
76
8f
3a
67
ec
09
// frame 683 tick 35574566 ms row 35574546 DESCENT
02
4b
47
35
4c
44
49
ab
02
f4
bf
03
09
e9
5c
f8
41
40
0d
cf
c2
84
14
f9
40
ff
fa
f9
40
69
ff
f1
ff
c9
ff
00
89
8f
3a
68
14
0a
// frame 684 tick 35574766 ms row 35574766 DESCENT
02
4b
47
35
4c
44
49
ac
02
f4
bf
03
09
e5
5c
f8
41
3e
0d
cf
c2
81
14
c8
40
f6
fb
c8
40
da
00
1f
ff
e7
ff
00
a1
8f
3a
69
3c
0a
// frame 685 tick 35574966 ms row 35574946 DESCENT
02
4b
47
35
4c
44
49
ad
02
f4
bf
03
09
f0
5c
f8
41
3b
0d
cf
c2
74
14
a3
40
e0
fb
a3
40
33
ff
a5
ff
f9
ff
00
b6
8f
3a
6a
64
0a
// frame 686 tick 35575166 ms row 35575166 DESCENT
02
4b
47
35
4c
44
49
ae
02
f4
bf
03
09
f3
5c
f8
41
3a
0d
cf
c2
6a
14
6d
40
af
fa
6d
40
a3
00
d1
ff
f8
ff
00
cf
8f
3a
6b
8c
0a
// frame 687 tick 35575366 ms row 35575346 DESCENT
02
4b
47
35
4c
44
49
af
02
f4
bf
03
09
e3
5c
f8
41
37
0d
cf
c2
62
14
3b
40
c3
fa
3b
40
66
00
f5
ff
fb
ff
00
e2
8f
3a
6c
b4
0a
// frame 688 tick 35575566 ms row 35575566 DESCENT
02
4b
47
35
4c
44
49
b0
02
f4
bf
03
09
e4
5c
f8
41
3a
0d
cf
c2
4f
14
06
40
b4
fb
06
40
fa
ff
1d
00
03
00
00
fa
8f
3a
6c
dc
0a
// frame 689 tick 35575766 ms row 35575746 DESCENT
02
4b
47
35
4c
44
49
b1
02
f4
bf
03
09
f8
5c
f8
41
37
0d
cf
c2
4c
14
e0
3f
f4
fb
e0
3f
84
00
6e
00
01
00
00
0d
90
3a
6c
04
0b
// frame 690 tick 35575966 ms row 35575966 DESCENT
02
4b
47
35
4c
44
49
b2
02
f4
bf
03
09
ef
5c
f8
41
33
0d
cf
c2
46
14
af
3f
2a
fb
af
3f
22
fe
c2
ff
0b
00
00
27
90
3a
6c
2c
0b
// frame 691 tick 35576166 ms row 35576146 DESCENT
02
4b
47
35
4c
44
49
b3
02
f4
bf
03
09
e8
5c
f8
41
34
0d
cf
c2
36
14
7f
3f
b8
fa
7f
3f
b7
ff
45
00
05
00
00
3b
90
3a
6b
54
0b
// frame 692 tick 35576366 ms row 35576366 DESCENT
02
4b
47
35
4c
44
49
b4
02
f4
bf
03
09
ed
5c
f8
41
35
0d
cf
c2
34
14
46
3f
1f
fb
46
3f
f4
ff
31
00
19
00
00
55
90
3a
6b
7c
0b
// frame 693 tick 35576566 ms row 35576546 DESCENT
02
4b
47
35
4c
44
49
b5
02
f4
bf
03
09
fa
5c
f8
41
34
0d
cf
c2
29
14
1c
3f
d0
fb
1c
3f
b8
ff
fc
ff
20
00
00
68
90
3a
6a
a4
0b
// frame 694 tick 35576766 ms row 35576766 DESCENT
02
4b
47
35
4c
44
49
b6
02
f4
bf
03
09
ef
5c
f8
41
33
0d
cf
c2
24
14
ed
3e
99
fb
ed
3e
8c
ff
00
00
20
00
00
80
90
3a
69
cc
0b
// frame 695 tick 35576966 ms row 35576946 DESCENT
02
4b
47
35
4c
44
49
b7
02
f4
bf
03
09
f8
5c
f8
41
35
0d
cf
c2
16
14
c0
3e
cd
fa
c0
3e
4e
ff
06
00
18
00
00
95
90
3a
68
f4
0b
// frame 696 tick 35577166 ms row 35577166 DESCENT
02
4b
47
35
4c
44
49
b8
02
f4
bf
03
09
fd
5c
f8
41
31
0d
cf
c2
0b
14
85
3e
be
fa
85
3e
c7
fe
16
00
0b
00
00
ae
90
3a
66
1c
0c
// frame 697 tick 35577366 ms row 35577346 DESCENT
02
4b
47
35
4c
44
49
b9
02
f4
bf
03
09
f4
5c
f8
41
30
0d
cf
c2
03
14
57
3e
69
fb
57
3e
2b
ff
30
00
05
00
00
c4
90
3a
65
44
0c
// frame 698 tick 35577566 ms row 35577566 DESCENT
02
4b
47
35
4c
44
49
ba
02
f4
bf
03
09
07
5d
f8
41
2b
0d
cf
c2
f2
13
26
3e
82
fb
26
3e
e7
01
61
00
0e
00
00
dd
90
3a
64
6c
0c
// frame 699 tick 35577766 ms row 35577746 DESCENT
02
4b
47
35
4c
44
49
bb
02
f4
bf
03
09
02
5d
f8
41
33
0d
cf
c2
f0
13
f9
3d
f8
fa
f9
3d
6c
00
18
00
0f
00
00
f2
90
3a
62
94
0c
// frame 700 tick 35577966 ms row 35577966 DESCENT
02
4b
47
35
4c
44
49
bc
02
f4
bf
03
09
03
5d
f8
41
2f
0d
cf
c2
e0
13
be
3d
c9
fa
be
3d
4e
00
fa
ff
0f
00
00
0c
91
3a
61
bc
0c
// frame 701 tick 35578166 ms row 35578146 DESCENT
02
4b
47
35
4c
44
49
bd
02
f4
bf
03
09
08
5d
f8
41
2d
0d
cf
c2
d6
13
8f
3d
44
fb
8f
3d
b8
ff
00
00
15
00
00
21
91
3a
5f
e4
0c
// frame 702 tick 35578366 ms row 35578366 DESCENT
02
4b
47
35
4c
44
49
be
02
f4
bf
03
09
09
5d
f8
41
2a
0d
cf
c2
cd
13
5d
3d
a0
fb
5d
3d
59
01
f7
ff
12
00
00
39
91
3a
5e
0c
0d
// frame 703 tick 35578566 ms row 35578546 DESCENT
02
4b
47
35
4c
44
49
bf
02
f4
bf
03
09
12
5d
f8
41
29
0d
cf
c2
c7
13
34
3d
6e
fb
34
3d
51
01
1a
00
f6
ff
00
4e
91
3a
5d
34
0d
// frame 704 tick 35578766 ms row 35578766 DESCENT
02
4b
47
35
4c
44
49
c0
02
f4
bf
03
09
03
5d
f8
41
2b
0d
cf
c2
b6
13
fd
3c
21
fb
fd
3c
c7
ff
0f
00
cd
ff
00
66
91
3a
5d
5c
0d
// frame 705 tick 35578966 ms row 35578946 DESCENT
02
4b
47
35
4c
44
49
c1
02
f4
bf
03
09
16
5d
f8
41
29
0d
cf
c2
b1
13
d1
3c
67
fb
d1
3c
b2
ff
52
00
c2
ff
00
7a
91
3a
5c
84
0d
// frame 706 tick 35579166 ms row 35579166 DESCENT
02
4b
47
35
4c
44
49
c2
02
f4
bf
03
09
10
5d
f8
41
28
0d
cf
c2
a5
13
a0
3c
be
fb
a0
3c
51
ff
4c
00
c3
ff
00
92
91
3a
5c
ac
0d
// frame 707 tick 35579366 ms row 35579346 DESCENT
02
4b
47
35
4c
44
49
c3
02
f4
bf
03
09
13
5d
f8
41
2a
0d
cf
c2
a5
13
79
3c
c1
fb
79
3c
10
00
58
00
df
ff
00
a4
91
3a
5c
d4
0d
// frame 708 tick 35579566 ms row 35579566 DESCENT
02
4b
47
35
4c
44
49
c4
02
f4
bf
03
09
1a
5d
f8
41
26
0d
cf
c2
98
13
48
3c
7e
fb
48
3c
93
02
f2
ff
0d
00
00
bc
91
3a
5c
fc
0d
// frame 709 tick 35579766 ms row 35579746 DESCENT
02
4b
47
35
4c
44
49
c5
02
f4
bf
03
09
15
5d
f8
41
28
0d
cf
c2
92
13
1d
3c
80
fb
1d
3c
bd
ff
1f
00
22
00
00
ce
91
3a
5d
14
00
// frame 710 tick 35579966 ms row 35579966 DESCENT
02
4b
47
35
4c
44
49
c6
02
f4
bf
03
09
0d
5d
f8
41
22
0d
cf
c2
83
13
ef
3b
fd
fb
ef
3b
35
ff
89
ff
19
00
00
e5
91
3a
5e
3c
00
// frame 711 tick 35580166 ms row 35580146 DESCENT
02
4b
47
35
4c
44
49
c7
02
f4
bf
03
09
1a
5d
f8
41
23
0d
cf
c2
7f
13
c9
3b
e9
fb
c9
3b
c5
ff
f5
ff
0e
00
00
f8
91
3a
5f
64
00
// frame 712 tick 35580366 ms row 35580366 DESCENT
02
4b
47
35
4c
44
49
c8
02
f4
bf
03
09
18
5d
f8
41
1e
0d
cf
c2
6e
13
9a
3b
ad
fb
9a
3b
5f
ff
fa
ff
fa
ff
00
0e
92
3a
60
8c
00
// frame 713 tick 35580566 ms row 35580546 DESCENT
02
4b
47
35
4c
44
49
c9
02
f4
bf
03
09
1d
5d
f8
41
22
0d
cf
c2
6f
13
72
3b
d0
fb
72
3b
79
00
6d
00
01
00
00
20
92
3a
61
b4
00
// frame 714 tick 35580766 ms row 35580766 DESCENT
02
4b
47
35
4c
44
49
ca
02
f4
bf
03
09
1f
5d
f8
41
1d
0d
cf
c2
5f
13
45
3b
05
fc
45
3b
b5
ff
e7
00
03
00
00
35
92
3a
62
dc
00
// frame 715 tick 35580966 ms row 35580946 DESCENT
02
4b
47
35
4c
44
49
cb
02
f4
bf
03
09
1f
5d
f8
41
1d
0d
cf
c2
59
13
21
3b
04
fc
21
3b
37
ff
7f
00
04
00
00
47
92
3a
64
04
01
// frame 716 tick 35581166 ms row 35581166 DESCENT
02
4b
47
35
4c
44
49
cc
02
f4
bf
03
09
11
5d
f8
41
1d
0d
cf
c2
51
13
f3
3a
c5
fb
f3
3a
c1
ff
03
00
ec
ff
00
5c
92
3a
65
2c
01
// frame 717 tick 35581366 ms row 35581346 DESCENT
02
4b
47
35
4c
44
49
cd
02
f4
bf
03
09
21
5d
f8
41
1c
0d
cf
c2
47
13
cb
3a
cd
fb
cb
3a
ae
fe
1c
00
db
ff
00
6e
92
3a
67
54
01
// frame 718 tick 35581566 ms row 35581566 DESCENT
02
4b
47
35
4c
44
49
ce
02
f4
bf
03
09
23
5d
f8
41
1c
0d
cf
c2
44
13
9e
3a
06
fc
9e
3a
51
02
93
ff
d1
ff
00
84
92
3a
68
7c
01
// frame 719 tick 35581766 ms row 35581746 DESCENT
02
4b
47
35
4c
44
49
cf
02
f4
bf
03
09
21
5d
f8
41
1b
0d
cf
c2
34
13
79
3a
f3
fb
79
3a
a3
00
9d
ff
db
ff
00
96
92
3a
69
a4
01
// frame 720 tick 35581966 ms row 35581966 DESCENT
02
4b
47
35
4c
44
49
d0
02
f4
bf
03
09
23
5d
f8
41
1b
0d
cf
c2
2e
13
4d
3a
22
fc
4d
3a
ac
01
0a
00
f6
ff
00
a9
92
3a
6a
cc
01
// frame 721 tick 35582166 ms row 35582146 DESCENT
02
4b
47
35
4c
44
49
d1
02
f4
bf
03
09
27
5d
f8
41
15
0d
cf
c2
25
13
29
3a
26
fc
29
3a
f9
00
5b
00
0d
00
00
b9
92
3a
6b
f4
01
// frame 722 tick 35582366 ms row 35582366 DESCENT
02
4b
47
35
4c
44
49
d2
02
f4
bf
03
09
22
5d
f8
41
19
0d
cf
c2
21
13
00
3a
54
fc
00
3a
1a
ff
20
00
1b
00
00
ce
92
3a
6c
1c
02
// frame 723 tick 35582566 ms row 35582546 DESCENT
02
4b
47
35
4c
44
49
d3
02
f4
bf
03
09
33
5d
f8
41
15
0d
cf
c2
21
13
de
39
48
fc
de
39
2f
ff
42
00
11
00
00
df
92
3a
6c
44
02
// frame 724 tick 35582766 ms row 35582766 DESCENT
02
4b
47
35
4c
44
49
d4
02
f4
bf
03
09
2a
5d
f8
41
17
0d
cf
c2
09
13
b1
39
cb
fb
b1
39
4c
ff
3d
00
fd
ff
00
f3
92
3a
6c
6c
02
// frame 725 tick 35582966 ms row 35582946 DESCENT
02
4b
47
35
4c
44
49
d5
02
f4
bf
03
09
2b
5d
f8
41
17
0d
cf
c2
07
13
8a
39
cc
fb
8a
39
07
00
de
00
e5
ff
00
05
93
3a
6c
94
02
// frame 726 tick 35583166 ms row 35583166 DESCENT
02
4b
47
35
4c
44
49
d6
02
f4
bf
03
09
33
5d
f8
41
14
0d
cf
c2
05
13
5c
39
0c
fc
5c
39
31
00
5d
00
c8
ff
00
1a
93
3a
6b
bc
02
// frame 727 tick 35583366 ms row 35583346 DESCENT
02
4b
47
35
4c
44
49
d7
02
f4
bf
03
09
2a
5d
f8
41
11
0d
cf
c2
fb
12
38
39
2a
fc
38
39
1d
01
e2
ff
b5
ff
00
2b
93
3a
6b
e4
02
// frame 728 tick 35583566 ms row 35583566 DESCENT
02
4b
47
35
4c
44
49
d8
02
f4
bf
03
09
21
5d
f8
41
10
0d
cf
c2
f3
12
0a
39
bb
fb
0a
39
c9
00
a4
ff
c3
ff
00
42
93
3a
6a
0c
03
// frame 729 tick 35583766 ms row 35583746 DESCENT
02
4b
47
35
4c
44
49
d9
02
f4
bf
03
09
35
5d
f8
41
13
0d
cf
c2
ef
12
e2
38
aa
fb
e2
38
97
ff
a4
ff
03
00
00
54
93
3a
69
34
03
// frame 730 tick 35583966 ms row 35583966 DESCENT
02
4b
47
35
4c
44
49
da
02
f4
bf
03
09
33
5d
f8
41
0f
0d
cf
c2
df
12
b3
38
c6
fb
b3
38
b4
ff
be
ff
66
00
00
6b
93
3a
68
5c
03
// frame 731 tick 35584166 ms row 35584146 DESCENT
02
4b
47
35
4c
44
49
db
02
f4
bf
03
09
3e
5d
f8
41
0e
0d
cf
c2
df
12
8c
38
b1
fb
8c
38
9a
ff
c1
ff
9e
00
00
7e
93
3a
66
84
03
// frame 732 tick 35584366 ms row 35584366 DESCENT
02
4b
47
35
4c
44
49
dc
02
f4
bf
03
09
3e
5d
f8
41
11
0d
cf
c2
d0
12
5c
38
b3
fb
5c
38
91
ff
f2
ff
a8
00
00
95
93
3a
65
ac
03
// frame 733 tick 35584566 ms row 35584546 DESCENT
02
4b
47
35
4c
44
49
dd
02
f4
bf
03
09
33
5d
f8
41
0e
0d
cf
c2
c1
12
34
38
c1
fb
34
38
bf
00
b0
ff
4f
00
00
a6
93
3a
64
d4
03
// frame 734 tick 35584766 ms row 35584766 DESCENT
02
4b
47
35
4c
44
49
de
02
f4
bf
03
09
2f
5d
f8
41
08
0d
cf
c2
bd
12
04
38
9b
fb
04
38
e1
00
e2
ff
d2
ff
00
be
93
3a
62
fc
03
// frame 735 tick 35584966 ms row 35584946 DESCENT
02
4b
47
35
4c
44
49
df
02
f4
bf
03
09
38
5d
f8
41
09
0d
cf
c2
b4
12
db
37
73
fb
db
37
5e
ff
0d
00
9c
ff
00
d2
93
3a
61
24
04
// frame 736 tick 35585166 ms row 35585166 DESCENT
02
4b
47
35
4c
44
49
e0
02
f4
bf
03
09
35
5d
f8
41
0c
0d
cf
c2
a6
12
a7
37
70
fb
a7
37
98
00
8e
00
ba
ff
00
e9
93
3a
5f
4c
04
// frame 737 tick 35585366 ms row 35585346 DESCENT
02
4b
47
35
4c
44
49
e1
02
f4
bf
03
09
43
5d
f8
41
08
0d
cf
c2
a8
12
7f
37
e4
fb
7f
37
83
ff
91
00
e0
ff
00
fc
93
3a
5e
74
04
// frame 738 tick 35585566 ms row 35585566 DESCENT
02
4b
47
35
4c
44
49
e2
02
f4
bf
03
09
3a
5d
f8
41
06
0d
cf
c2
96
12
52
37
b7
fb
52
37
25
ff
4a
00
e1
ff
00
14
94
3a
5d
9c
04
// frame 739 tick 35585766 ms row 35585746 DESCENT
02
4b
47
35
4c
44
49
e3
02
f4
bf
03
09
4e
5d
f8
41
04
0d
cf
c2
8d
12
28
37
5d
fb
28
37
88
00
24
00
dc
ff
00
26
94
3a
5d
c4
04
// frame 740 tick 35585966 ms row 35585966 DESCENT
02
4b
47
35
4c
44
49
e4
02
f4
bf
03
09
4a
5d
f8
41
0b
0d
cf
c2
8c
12
f5
36
8e
fb
f5
36
a7
ff
2d
00
dd
ff
00
3e
94
3a
5c
ec
04
// frame 741 tick 35586166 ms row 35586146 DESCENT
02
4b
47
35
4c
44
49
e5
02
f4
bf
03
09
43
5d
f8
41
05
0d
cf
c2
8a
12
ce
36
c8
fb
ce
36
33
ff
69
ff
06
00
00
52
94
3a
5c
14
05
// frame 742 tick 35586366 ms row 35586366 DESCENT
02
4b
47
35
4c
44
49
e6
02
f4
bf
03
09
4c
5d
f8
41
00
0d
cf
c2
71
12
9c
36
60
fb
9c
36
29
00
4e
ff
65
00
00
6a
94
3a
5c
3c
05
// frame 743 tick 35586566 ms row 35586546 DESCENT
02
4b
47
35
4c
44
49
e7
02
f4
bf
03
09
51
5d
f8
41
04
0d
cf
c2
67
12
71
36
72
fb
71
36
95
ff
ed
ff
82
00
00
7c
94
3a
5c
64
05
// frame 744 tick 35586766 ms row 35586766 DESCENT
02
4b
47
35
4c
44
49
e8
02
f4
bf
03
0a
4c
5d
f8
41
00
0d
cf
c2
60
12
42
36
e6
fb
42
36
4f
ff
52
ff
90
00
00
93
94
3a
5d
8c
05
// frame 745 tick 35586966 ms row 35586946 DESCENT
02
4b
47
35
4c
44
49
e9
02
f4
bf
03
0a
4c
5d
f8
41
02
0d
cf
c2
5a
12
1c
36
f1
fb
1c
36
cf
fe
e1
ff
04
00
00
a6
94
3a
5e
b4
05
// frame 746 tick 35587166 ms row 35587166 DESCENT
02
4b
47
35
4c
44
49
ea
02
f4
bf
03
0a
48
5d
f8
41
01
0d
cf
c2
4f
12
ec
35
6e
fb
ec
35
60
ff
9b
ff
7d
ff
00
be
94
3a
5f
dc
05
// frame 747 tick 35587366 ms row 35587346 DESCENT
02
4b
47
35
4c
44
49
eb
02
f4
bf
03
0b
54
5d
f8
41
00
0d
cf
c2
46
12
bf
35
db
fa
bf
35
e8
ff
35
00
66
ff
00
d3
94
3a
60
04
06
// frame 748 tick 35587566 ms row 35587566 DESCENT
02
4b
47
35
4c
44
49
ec
02
f4
bf
03
0b
57
5d
f8
41
ff
0c
cf
c2
43
12
87
35
53
fb
87
35
b7
ff
d2
ff
9d
ff
00
ea
94
3a
61
2c
06
// frame 749 tick 35587766 ms row 35587746 DESCENT
02
4b
47
35
4c
44
49
ed
02
f4
bf
03
0b
59
5d
f8
41
fd
0c
cf
c2
36
12
60
35
18
fc
60
35
23
00
22
00
fa
ff
00
fe
94
3a
62
54
06
// frame 750 tick 35587966 ms row 35587966 DESCENT
02
4b
47
35
4c
44
49
ee
02
f4
bf
03
0b
5a
5d
f8
41
fe
0c
cf
c2
31
12
35
35
f9
fb
35
35
07
01
32
00
46
00
00
15
95
3a
64
7c
06
// frame 751 tick 35588166 ms row 35588146 DESCENT
02
4b
47
35
4c
44
49
ef
02
f4
bf
03
0a
56
5d
f8
41
fb
0c
cf
c2
23
12
0e
35
8b
fb
0e
35
bb
ff
ca
ff
3d
00
00
29
95
3a
65
a4
06
// frame 752 tick 35588366 ms row 35588366 DESCENT
02
4b
47
35
4c
44
49
f0
02
f4
bf
03
0a
5b
5d
f8
41
f9
0c
cf
c2
1a
12
da
34
4c
fb
da
34
ef
00
95
ff
1d
00
00
3f
95
3a
67
cc
06
// frame 753 tick 35588566 ms row 35588546 DESCENT
02
4b
47
35
4c
44
49
f1
02
f4
bf
03
0a
59
5d
f8
41
f7
0c
cf
c2
11
12
b1
34
ed
fb
b1
34
9f
01
6c
ff
fd
ff
00
51
95
3a
68
f4
06
// frame 754 tick 35588766 ms row 35588766 DESCENT
02
4b
47
35
4c
44
49
f2
02
f4
bf
03
0a
70
5d
f8
41
fc
0c
cf
c2
06
12
87
34
65
fc
87
34
28
01
3d
00
f8
ff
00
67
95
3a
69
1c
07
// frame 755 tick 35588966 ms row 35588946 DESCENT
02
4b
47
35
4c
44
49
f3
02
f4
bf
03
0a
67
5d
f8
41
f9
0c
cf
c2
02
12
65
34
31
fc
65
34
77
00
56
00
09
00
00
78
95
3a
6a
44
07
// frame 756 tick 35589166 ms row 35589166 DESCENT
02
4b
47
35
4c
44
49
f4
02
f4
bf
03
0a
64
5d
f8
41
f5
0c
cf
c2
f7
11
38
34
d0
fb
38
34
dc
ff
c5
00
2c
00
00
8e
95
3a
6b
6c
07
// frame 757 tick 35589366 ms row 35589346 DESCENT
02
4b
47
35
4c
44
49
f5
02
f4
bf
03
0a
5c
5d
f8
41
f5
0c
cf
c2
f2
11
10
34
b1
fb
10
34
03
ff
26
00
13
00
00
a0
95
3a
6c
94
07
// frame 758 tick 35589566 ms row 35589566 DESCENT
02
4b
47
35
4c
44
49
f6
02
f4
bf
03
0a
65
5d
f8
41
f2
0c
cf
c2
ea
11
e3
33
3e
fc
e3
33
5b
ff
22
00
f4
ff
00
b5
95
3a
6c
bc
07
// frame 759 tick 35589766 ms row 35589746 DESCENT
02
4b
47
35
4c
44
49
f7
02
f4
bf
03
0a
6b
5d
f8
41
f4
0c
cf
c2
e6
11
c1
33
64
fc
c1
33
77
fe
d2
ff
e6
ff
00
c6
95
3a
6c
e4
07
// frame 760 tick 35589966 ms row 35589966 DESCENT
02
4b
47
35
4c
44
49
f8
02
f4
bf
03
0a
68
5d
f8
41
f3
0c
cf
c2
dc
11
96
33
c7
fb
96
33
62
ff
e1
ff
d4
ff
00
dc
95
3a
6c
0c
08
// frame 761 tick 35590166 ms row 35590146 DESCENT
02
4b
47
35
4c
44
49
f9
02
f4
bf
03
0b
6e
5d
f8
41
f7
0c
cf
c2
cf
11
6d
33
99
fb
6d
33
85
ff
04
ff
e7
ff
00
ee
95
3a
6b
34
08
// frame 762 tick 35590366 ms row 35590366 DESCENT
02
4b
47
35
4c
44
49
fa
02
f4
bf
03
0b
72
5d
f8
41
f0
0c
cf
c2
c5
11
3c
33
73
fb
3c
33
d8
ff
5b
ff
fc
ff
00
07
96
3a
6b
5c
08
// frame 763 tick 35590566 ms row 35590546 DESCENT
02
4b
47
35
4c
44
49
fb
02
f4
bf
03
0b
7b
5d
f8
41
ed
0c
cf
c2
be
11
13
33
b3
fb
13
33
d1
fe
2b
00
00
00
00
18
96
3a
6a
84
08
// frame 764 tick 35590766 ms row 35590766 DESCENT
02
4b
47
35
4c
44
49
fc
02
f4
bf
03
0b
6f
5d
f8
41
f1
0c
cf
c2
b5
11
e4
32
f0
fb
e4
32
c9
ff
19
00
f1
ff
00
2f
96
3a
69
ac
08
// frame 765 tick 35590966 ms row 35590946 DESCENT
02
4b
47
35
4c
44
49
fd
02
f4
bf
03
0b
7b
5d
f8
41
ed
0c
cf
c2
b2
11
be
32
fb
fb
be
32
26
00
00
00
e8
ff
00
41
96
3a
68
d4
08
// frame 766 tick 35591166 ms row 35591166 DESCENT
02
4b
47
35
4c
44
49
fe
02
f4
bf
03
0b
76
5d
f8
41
f1
0c
cf
c2
a8
11
8f
32
92
fb
8f
32
c4
00
ce
00
ee
ff
00
59
96
3a
66
fc
08
// frame 767 tick 35591366 ms row 35591346 DESCENT
02
4b
47
35
4c
44
49
ff
02
f4
bf
03
0b
78
5d
f8
41
ee
0c
cf
c2
9e
11
66
32
85
fb
66
32
86
ff
50
00
ef
ff
00
6d
96
3a
65
24
09
// frame 768 tick 35591566 ms row 35591566 DESCENT
02
4b
47
35
4c
44
49
00
03
f4
bf
03
0b
72
5d
f8
41
ed
0c
cf
c2
92
11
34
32
ad
fb
34
32
1f
00
d6
ff
f7
ff
00
84
96
3a
64
4c
09
// frame 769 tick 35591766 ms row 35591746 DESCENT
02
4b
47
35
4c
44
49
01
03
f4
bf
03
0b
77
5d
f8
41
ea
0c
cf
c2
90
11
0c
32
af
fb
0c
32
36
01
11
00
0a
00
00
98
96
3a
62
74
09
// frame 770 tick 35591966 ms row 35591966 DESCENT
02
4b
47
35
4c
44
49
02
03
f4
bf
03
0b
77
5d
f8
41
e9
0c
cf
c2
87
11
dd
31
bb
fb
dd
31
7a
00
d9
ff
3c
00
00
ae
96
3a
61
9c
09
// frame 771 tick 35592166 ms row 35592146 DESCENT
02
4b
47
35
4c
44
49
03
03
f4
bf
03
0b
82
5d
f8
41
ea
0c
cf
c2
80
11
b5
31
b1
fb
b5
31
b7
ff
85
ff
53
00
00
c1
96
3a
5f
c4
09
// frame 772 tick 35592366 ms row 35592356 DESCENT
02
4b
47
35
4c
44
49
04
03
f4
bf
03
0b
93
5d
f8
41
ea
0c
cf
c2
6e
11
88
31
02
fc
88
31
e1
fe
bc
ff
62
00
00
d6
96
3a
5e
ec
09
// frame 773 tick 35592566 ms row 35592530 DESCENT
02
4b
47
35
4c
44
49
05
03
f4
bf
03
0b
8c
5d
f8
41
e8
0c
cf
c2
67
11
63
31
c5
fb
63
31
ef
00
36
00
58
00
00
e9
96
3a
5d
14
0a
// frame 774 tick 35592766 ms row 35592756 DESCENT
02
4b
47
35
4c
44
49
06
03
f4
bf
03
0b
80
5d
f8
41
e5
0c
cf
c2
53
11
32
31
94
fb
32
31
15
00
4c
00
09
00
00
01
97
3a
5d
3c
0a
// frame 775 tick 35592966 ms row 35592930 DESCENT
02
4b
47
35
4c
44
49
07
03
f4
bf
03
0b
8b
5d
f8
41
e3
0c
cf
c2
59
11
0b
31
a3
fb
0b
31
1c
00
6f
00
c5
ff
00
13
97
3a
5c
64
0a
// frame 776 tick 35593166 ms row 35593156 DESCENT
02
4b
47
35
4c
44
49
08
03
f4
bf
03
0b
88
5d
f8
41
e1
0c
cf
c2
4a
11
d8
30
87
fb
d8
30
0e
02
1d
00
9b
ff
00
2b
97
3a
5c
8c
0a
// frame 777 tick 35593366 ms row 35593330 DESCENT
02
4b
47
35
4c
44
49
09
03
f4
bf
03
0a
82
5d
f8
41
e3
0c
cf
c2
3c
11
b1
30
d8
fb
b1
30
92
01
13
00
ab
ff
00
3d
97
3a
5c
b4
0a
// frame 778 tick 35593566 ms row 35593556 DESCENT
02
4b
47
35
4c
44
49
0a
03
f4
bf
03
0a
91
5d
f8
41
e2
0c
cf
c2
40
11
83
30
f5
fb
83
30
b2
00
f6
ff
d5
ff
00
55
97
3a
5c
dc
0a
// frame 779 tick 35593766 ms row 35593730 DESCENT
02
4b
47
35
4c
44
49
0b
03
f4
bf
03
0a
8b
5d
f8
41
df
0c
cf
c2
34
11
5e
30
c1
fb
5e
30
08
00
8c
ff
e9
ff
00
68
97
3a
5d
04
0b
// frame 780 tick 35593966 ms row 35593956 DESCENT
02
4b
47
35
4c
44
49
0c
03
f4
bf
03
0a
8f
5d
f8
41
e1
0c
cf
c2
2e
11
2d
30
cb
fb
2d
30
93
01
0b
00
0a
00
00
7d
97
3a
5e
2c
0b
// frame 781 tick 35594166 ms row 35594130 DESCENT
02
4b
47
35
4c
44
49
0d
03
f4
bf
03
0a
90
5d
f8
41
db
0c
cf
c2
22
11
07
30
d4
fb
07
30
78
01
2d
00
15
00
00
90
97
3a
5f
54
0b
// frame 782 tick 35594366 ms row 35594356 DESCENT
02
4b
47
35
4c
44
49
0e
03
f4
bf
03
0a
96
5d
f8
41
d9
0c
cf
c2
15
11
d8
2f
0d
fc
d8
2f
b8
00
40
00
16
00
00
a6
97
3a
60
7c
0b
// frame 783 tick 35594566 ms row 35594530 DESCENT
02
4b
47
35
4c
44
49
0f
03
f4
bf
03
0a
94
5d
f8
41
dc
0c
cf
c2
14
11
b4
2f
e5
fb
b4
2f
4f
01
10
00
0a
00
00
ba
97
3a
61
a4
0b
// frame 784 tick 35594766 ms row 35594756 DESCENT
02
4b
47
35
4c
44
49
10
03
f4
bf
03
09
93
5d
f8
41
db
0c
cf
c2
0a
11
84
2f
d7
fb
84
2f
18
00
5e
00
fe
ff
00
d1
97
3a
62
cc
0b
// frame 785 tick 35594966 ms row 35594930 DESCENT
02
4b
47
35
4c
44
49
11
03
f4
bf
03
09
9b
5d
f8
41
da
0c
cf
c2
fa
10
5f
2f
e3
fb
5f
2f
94
00
31
00
fc
ff
00
e2
97
3a
64
f4
0b
// frame 786 tick 35595166 ms row 35595156 DESCENT
02
4b
47
35
4c
44
49
12
03
f4
bf
03
09
a3
5d
f8
41
da
0c
cf
c2
f3
10
31
2f
10
fc
31
2f
47
00
29
00
06
00
00
f9
97
3a
65
1c
0c
// frame 787 tick 35595366 ms row 35595330 DESCENT
02
4b
47
35
4c
44
49
13
03
f4
bf
03
09
9a
5d
f8
41
da
0c
cf
c2
ee
10
0f
2f
37
fc
0f
2f
9a
00
fe
ff
1c
00
00
09
98
3a
67
44
0c
// frame 788 tick 35595566 ms row 35595556 DESCENT
02
4b
47
35
4c
44
49
14
03
f4
bf
03
09
9e
5d
f8
41
d4
0c
cf
c2
e8
10
e2
2e
24
fc
e2
2e
27
00
fe
ff
40
00
00
1f
98
3a
68
6c
0c
// frame 789 tick 35595766 ms row 35595730 DESCENT
02
4b
47
35
4c
44
49
15
03
f4
bf
03
0a
aa
5d
f8
41
d5
0c
cf
c2
df
10
bf
2e
10
fc
bf
2e
eb
ff
df
ff
46
00
00
30
98
3a
69
94
0c
// frame 790 tick 35595966 ms row 35595956 DESCENT
02
4b
47
35
4c
44
49
16
03
f4
bf
03
09
aa
5d
f8
41
d6
0c
cf
c2
e1
10
92
2e
54
fc
92
2e
1e
ff
e8
ff
4b
00
00
44
98
3a
6a
bc
0c
// frame 791 tick 35596166 ms row 35596130 DESCENT
02
4b
47
35
4c
44
49
17
03
f4
bf
03
09
a0
5d
f8
41
d5
0c
cf
c2
d0
10
72
2e
5f
fc
72
2e
15
ff
fe
ff
30
00
00
56
98
3a
6b
e4
0c
// frame 792 tick 35596366 ms row 35596356 DESCENT
02
4b
47
35
4c
44
49
18
03
f4
bf
03
09
aa
5d
f8
41
d1
0c
cf
c2
d0
10
46
2e
0b
fc
46
2e
2b
00
fa
ff
06
00
00
6b
98
3a
6c
0c
0d
// frame 793 tick 35596566 ms row 35596530 DESCENT
02
4b
47
35
4c
44
49
19
03
f4
bf
03
09
b0
5d
f8
41
ce
0c
cf
c2
c4
10
22
2e
ec
fb
22
2e
8d
ff
25
00
f7
ff
00
7c
98
3a
6c
34
0d
// frame 794 tick 35596766 ms row 35596756 DESCENT
02
4b
47
35
4c
44
49
1a
03
f4
bf
03
0a
96
5d
f8
41
d1
0c
cf
c2
bb
10
f4
2d
0e
fc
f4
2d
51
ff
ee
ff
14
00
00
91
98
3a
6c
5c
0d
// frame 795 tick 35596966 ms row 35596930 DESCENT
02
4b
47
35
4c
44
49
1b
03
f4
bf
03
0a
a3
5d
f8
41
d3
0c
cf
c2
b4
10
d2
2d
49
fc
d2
2d
27
00
43
00
07
00
00
a3
98
3a
6c
84
0d
// frame 796 tick 35597166 ms row 35597156 DESCENT
02
4b
47
35
4c
44
49
1c
03
f4
bf
03
0a
aa
5d
f8
41
cd
0c
cf
c2
a9
10
a7
2d
3d
fc
a7
2d
07
ff
21
00
fc
ff
00
b7
98
3a
6b
ac
0d
// frame 797 tick 35597366 ms row 35597330 DESCENT
02
4b
47
35
4c
44
49
1d
03
f4
bf
03
0a
ad
5d
f8
41
ce
0c
cf
c2
a8
10
82
2d
a4
fb
82
2d
f2
ff
4b
00
06
00
00
cc
98
3a
6b
d4
0d
// frame 798 tick 35597566 ms row 35597556 DESCENT
02
4b
47
35
4c
44
49
1e
03
f4
bf
03
0a
b0
5d
f8
41
ce
0c
cf
c2
97
10
4f
2d
9d
fb
4f
2d
04
00
fd
ff
f3
ff
00
e1
98
3a
6a
fc
0d
// frame 799 tick 35597766 ms row 35597730 DESCENT
02
4b
47
35
4c
44
49
1f
03
f4
bf
03
0a
b3
5d
f8
41
cd
0c
cf
c2
8d
10
29
2d
c6
fb
29
2d
5e
ff
37
00
ef
ff
00
f4
98
3a
69
14
00
// frame 800 tick 35597966 ms row 35597956 DESCENT
02
4b
47
35
4c
44
49
20
03
f4
bf
03
0a
b8
5d
f8
41
cc
0c
cf
c2
87
10
f9
2c
e2
fb
f9
2c
09
ff
6e
00
eb
ff
00
0e
99
3a
68
3c
00
// frame 801 tick 35598166 ms row 35598130 DESCENT
02
4b
47
35
4c
44
49
21
03
f4
bf
03
0a
b8
5d
f8
41
ce
0c
cf
c2
81
10
d3
2c
9a
fb
d3
2c
17
00
0a
00
e6
ff
00
1f
99
3a
66
64
00
// frame 802 tick 35598366 ms row 35598356 DESCENT
02
4b
47
35
4c
44
49
22
03
f4
bf
03
0a
af
5d
f8
41
c9
0c
cf
c2
78
10
9e
2c
8a
fb
9e
2c
69
00
2d
00
ed
ff
00
38
99
3a
65
8c
00
// frame 803 tick 35598566 ms row 35598530 DESCENT
02
4b
47
35
4c
44
49
23
03
f4
bf
03
0a
bc
5d
f8
41
c7
0c
cf
c2
67
10
77
2c
be
fb
77
2c
b6
ff
f2
ff
f2
ff
00
4c
99
3a
64
b4
00
// frame 804 tick 35598766 ms row 35598756 DESCENT
02
4b
47
35
4c
44
49
24
03
f4
bf
03
0a
ba
5d
f8
41
c9
0c
cf
c2
61
10
48
2c
e9
fb
48
2c
82
fe
dc
ff
03
00
00
63
99
3a
62
dc
00
// frame 805 tick 35598966 ms row 35598930 DESCENT
02
4b
47
35
4c
44
49
25
03
f4
bf
03
0a
b2
5d
f8
41
c8
0c
cf
c2
5c
10
22
2c
ae
fb
22
2c
2d
ff
d2
ff
12
00
00
76
99
3a
61
04
01
// frame 806 tick 35599166 ms row 35599156 DESCENT
02
4b
47
35
4c
44
49
26
03
f4
bf
03
0a
be
5d
f8
41
c4
0c
cf
c2
54
10
ef
2b
79
fb
ef
2b
53
00
9d
ff
1b
00
00
8e
99
3a
5f
2c
01
// frame 807 tick 35599366 ms row 35599330 DESCENT
02
4b
47
35
4c
44
49
27
03
f4
bf
03
0a
c2
5d
f8
41
c4
0c
cf
c2
3f
10
c8
2b
b3
fb
c8
2b
db
00
00
00
0d
00
00
a1
99
3a
5e
54
01
// frame 808 tick 35599566 ms row 35599556 DESCENT
02
4b
47
35
4c
44
49
28
03
f4
bf
03
0a
c5
5d
f8
41
c5
0c
cf
c2
3e
10
98
2b
15
fc
98
2b
b4
00
04
00
00
00
00
b7
99
3a
5d
7c
01
// frame 809 tick 35599766 ms row 35599730 DESCENT
02
4b
47
35
4c
44
49
29
03
f4
bf
03
0a
bb
5d
f8
41
be
0c
cf
c2
3b
10
74
2b
f1
fb
74
2b
2f
00
4c
00
f5
ff
00
cb
99
3a
5d
a4
01
// frame 810 tick 35599966 ms row 35599956 DESCENT
02
4b
47
35
4c
44
49
2a
03
f4
bf
03
0a
cd
5d
f8
41
c4
0c
cf
c2
30
10
43
2b
98
fb
43
2b
8a
ff
02
00
ea
ff
00
e3
99
3a
5c
cc
01
// frame 811 tick 35600166 ms row 35600130 DESCENT
02
4b
47
35
4c
44
49
2b
03
f4
bf
03
0a
bb
5d
f8
41
c0
0c
cf
c2
30
10
1b
2b
bc
fb
1b
2b
c1
00
9e
00
ed
ff
00
f5
99
3a
5c
f4
01
// frame 812 tick 35600366 ms row 35600356 DESCENT
02
4b
47
35
4c
44
49
2c
03
f4
bf
03
0a
cc
5d
f8
41
c1
0c
cf
c2
21
10
ec
2a
e9
fb
ec
2a
d4
00
0d
01
f9
ff
00
0c
9a
3a
5c
1c
02
// frame 813 tick 35600566 ms row 35600530 DESCENT
02
4b
47
35
4c
44
49
2d
03
f4
bf
03
0a
c9
5d
f8
41
c0
0c
cf
c2
1a
10
c8
2a
00
fc
c8
2a
7d
00
36
00
05
00
00
20
9a
3a
5c
44
02
// frame 814 tick 35600766 ms row 35600756 DESCENT
02
4b
47
35
4c
44
49
2e
03
f4
bf
03
0a
cc
5d
f8
41
be
0c
cf
c2
13
10
99
2a
d3
fb
99
2a
b2
02
87
00
0f
00
00
37
9a
3a
5d
6c
02
// frame 815 tick 35600966 ms row 35600930 DESCENT
02
4b
47
35
4c
44
49
2f
03
f4
bf
03
0a
cb
5d
f8
41
bb
0c
cf
c2
09
10
73
2a
b8
fb
73
2a
c6
01
43
00
0d
00
00
49
9a
3a
5e
94
02
// frame 816 tick 35601166 ms row 35601156 DESCENT
02
4b
47
35
4c
44
49
30
03
f4
bf
03
0a
ca
5d
f8
41
bf
0c
cf
c2
fb
0f
43
2a
f7
fb
43
2a
db
00
fd
ff
03
00
00
60
9a
3a
5f
bc
02
// frame 817 tick 35601366 ms row 35601330 DESCENT
02
4b
47
35
4c
44
49
31
03
f4
bf
03
0a
dd
5d
f8
41
bb
0c
cf
c2
f2
0f
20
2a
fc
fb
20
2a
4f
ff
f5
ff
0b
00
00
72
9a
3a
60
e4
02
// frame 818 tick 35601566 ms row 35601556 DESCENT
02
4b
47
35
4c
44
49
32
03
f4
bf
03
0a
d6
5d
f8
41
bb
0c
cf
c2
eb
0f
f1
29
f6
fb
f1
29
3b
ff
1d
00
f7
ff
00
88
9a
3a
61
0c
03
// frame 819 tick 35601766 ms row 35601730 DESCENT
02
4b
47
35
4c
44
49
33
03
f4
bf
03
0a
d0
5d
f8
41
b7
0c
cf
c2
e2
0f
cb
29
bf
fb
cb
29
6b
00
12
00
cf
ff
00
9b
9a
3a
62
34
03
// frame 820 tick 35601966 ms row 35601956 DESCENT
02
4b
47
35
4c
44
49
34
03
f4
bf
03
0a
dc
5d
f8
41
b9
0c
cf
c2
db
0f
9b
29
f0
fb
9b
29
c3
ff
0d
00
da
ff
00
b2
9a
3a
64
5c
03
// frame 821 tick 35602166 ms row 35602130 DESCENT
02
4b
47
35
4c
44
49
35
03
f4
bf
03
0a
d4
5d
f8
41
b5
0c
cf
c2
d9
0f
77
29
1e
fc
77
29
b0
ff
e1
ff
e3
ff
00
c4
9a
3a
65
84
03
// frame 822 tick 35602366 ms row 35602356 DESCENT
02
4b
47
35
4c
44
49
36
03
f4
bf
03
0a
d2
5d
f8
41
b7
0c
cf
c2
ca
0f
4c
29
4f
fc
4c
29
63
00
3e
00
12
00
00
da
9a
3a
67
ac
03
// frame 823 tick 35602566 ms row 35602530 DESCENT
02
4b
47
35
4c
44
49
37
03
f4
bf
03
0a
da
5d
f8
41
b5
0c
cf
c2
c0
0f
29
29
f7
fb
29
29
fb
fe
4e
00
2f
00
00
ec
9a
3a
68
d4
03
// frame 824 tick 35602766 ms row 35602756 DESCENT
02
4b
47
35
4c
44
49
38
03
f4
bf
03
0a
e1
5d
f8
41
b4
0c
cf
c2
b4
0f
f9
28
c9
fb
f9
28
23
01
72
00
2f
00
00
01
9b
3a
69
fc
03
// frame 825 tick 35602966 ms row 35602930 DESCENT
02
4b
47
35
4c
44
49
39
03
f4
bf
03
0a
d9
5d
f8
41
b4
0c
cf
c2
ae
0f
d4
28
0f
fc
d4
28
85
00
22
00
24
00
00
15
9b
3a
6a
24
04
// frame 826 tick 35603166 ms row 35603156 DESCENT
02
4b
47
35
4c
44
49
3a
03
f4
bf
03
0b
dd
5d
f8
41
b1
0c
cf
c2
a7
0f
a8
28
32
fc
a8
28
ac
ff
49
00
0c
00
00
2b
9b
3a
6b
4c
04
// frame 827 tick 35603366 ms row 35603330 DESCENT
02
4b
47
35
4c
44
49
3b
03
f4
bf
03
0b
e1
5d
f8
41
ae
0c
cf
c2
a4
0f
85
28
f2
fb
85
28
5f
ff
26
00
ff
ff
00
3e
9b
3a
6c
74
04
// frame 828 tick 35603566 ms row 35603556 DESCENT
02
4b
47
35
4c
44
49
3c
03
f4
bf
03
0b
d6
5d
f8
41
af
0c
cf
c2
9c
0f
56
28
d8
fb
56
28
14
ff
d5
ff
00
00
00
53
9b
3a
6c
9c
04
// frame 829 tick 35603766 ms row 35603730 DESCENT
02
4b
47
35
4c
44
49
3d
03
f4
bf
03
0b
e4
5d
f8
41
af
0c
cf
c2
91
0f
31
28
f0
fb
31
28
4c
ff
2c
00
02
00
00
65
9b
3a
6c
c4
04
// frame 830 tick 35603966 ms row 35603956 DESCENT
02
4b
47
35
4c
44
49
3e
03
f4
bf
03
0b
e3
5d
f8
41
b0
0c
cf
c2
86
0f
03
28
25
fc
03
28
d7
00
42
00
0d
00
00
7b
9b
3a
6c
ec
04
// frame 831 tick 35604166 ms row 35604130 DESCENT
02
4b
47
35
4c
44
49
3f
03
f4
bf
03
0b
ed
5d
f8
41
af
0c
cf
c2
7a
0f
e0
27
01
fc
e0
27
ca
ff
46
00
19
00
00
8f
9b
3a
6b
14
05
// frame 832 tick 35604366 ms row 35604356 DESCENT
02
4b
47
35
4c
44
49
40
03
f4
bf
03
0b
ee
5d
f8
41
ae
0c
cf
c2
79
0f
b0
27
da
fb
b0
27
bc
ff
9a
00
13
00
00
a4
9b
3a
6b
3c
05
// frame 833 tick 35604566 ms row 35604530 DESCENT
02
4b
47
35
4c
44
49
41
03
f4
bf
03
0b
e7
5d
f8
41
aa
0c
cf
c2
70
0f
8b
27
db
fb
8b
27
e0
00
28
00
0b
00
00
b7
9b
3a
6a
64
05
// frame 834 tick 35604766 ms row 35604756 DESCENT
02
4b
47
35
4c
44
49
42
03
f4
bf
03
0b
ec
5d
f8
41
aa
0c
cf
c2
61
0f
5b
27
d6
fb
5b
27
6e
ff
34
00
10
00
00
cf
9b
3a
69
8c
05
// frame 835 tick 35604966 ms row 35604930 DESCENT
02
4b
47
35
4c
44
49
43
03
f4
bf
03
0b
f0
5d
f8
41
aa
0c
cf
c2
67
0f
36
27
fb
fb
36
27
0f
02
18
00
07
00
00
e1
9b
3a
68
b4
05
// frame 836 tick 35605166 ms row 35605156 DESCENT
02
4b
47
35
4c
44
49
44
03
f4
bf
03
0b
f2
5d
f8
41
ad
0c
cf
c2
55
0f
09
27
35
fc
09
27
2a
00
d1
ff
fa
ff
00
f8
9b
3a
66
dc
05
// frame 837 tick 35605366 ms row 35605330 DESCENT
02
4b
47
35
4c
44
49
45
03
f4
bf
03
0b
f2
5d
f8
41
a9
0c
cf
c2
55
0f
e7
26
3c
fc
e7
26
8f
ff
e6
ff
ef
ff
00
09
9c
3a
65
04
06
// frame 838 tick 35605566 ms row 35605556 DESCENT
02
4b
47
35
4c
44
49
46
03
f4
bf
03
0b
fd
5d
f8
41
a3
0c
cf
c2
47
0f
ba
26
0e
fc
ba
26
e4
ff
08
00
fb
ff
00
1f
9c
3a
64
2c
06
// frame 839 tick 35605766 ms row 35605730 DESCENT
02
4b
47
35
4c
44
49
47
03
f4
bf
03
0b
fa
5d
f8
41
a8
0c
cf
c2
44
0f
96
26
f5
fb
96
26
3e
00
7d
00
02
00
00
32
9c
3a
62
54
06
// frame 840 tick 35605966 ms row 35605956 DESCENT
02
4b
47
35
4c
44
49
48
03
f4
bf
03
0b
f5
5d
f8
41
a3
0c
cf
c2
33
0f
6a
26
44
fc
6a
26
28
00
1a
00
12
00
00
46
9c
3a
61
7c
06
// frame 841 tick 35606166 ms row 35606130 DESCENT
02
4b
47
35
4c
44
49
49
03
f4
bf
03
0b
f6
5d
f8
41
a6
0c
cf
c2
32
0f
49
26
50
fc
49
26
73
00
22
00
24
00
00
58
9c
3a
5f
a4
06
// frame 842 tick 35606366 ms row 35606356 DESCENT
02
4b
47
35
4c
44
49
4a
03
f4
bf
03
0b
05
5e
f8
41
a3
0c
cf
c2
25
0f
1f
26
89
fc
1f
26
a8
00
1c
00
30
00
00
6b
9c
3a
5e
cc
06
// frame 843 tick 35606566 ms row 35606530 DESCENT
02
4b
47
35
4c
44
49
4b
03
f4
bf
03
0b
fb
5d
f8
41
a3
0c
cf
c2
1e
0f
ff
25
78
fc
ff
25
89
00
7a
ff
34
00
00
7c
9c
3a
5d
f4
06
// frame 844 tick 35606766 ms row 35606756 DESCENT
02
4b
47
35
4c
44
49
4c
03
f4
bf
03
0b
f4
5d
f8
41
9b
0c
cf
c2
16
0f
d6
25
51
fc
d6
25
d9
ff
ea
ff
37
00
00
91
9c
3a
5d
1c
07
// frame 845 tick 35606966 ms row 35606930 DESCENT
02
4b
47
35
4c
44
49
4d
03
f4
bf
03
0c
02
5e
f8
41
9d
0c
cf
c2
1a
0f
b5
25
36
fc
b5
25
05
ff
05
00
3a
00
00
a1
9c
3a
5c
44
07
// frame 846 tick 35607166 ms row 35607156 DESCENT
02
4b
47
35
4c
44
49
4e
03
f4
bf
03
0c
07
5e
f8
41
9c
0c
cf
c2
0b
0f
89
25
3c
fc
89
25
88
ff
20
00
24
00
00
b7
9c
3a
5c
6c
07
// frame 847 tick 35607366 ms row 35607330 DESCENT
02
4b
47
35
4c
44
49
4f
03
f4
bf
03
0c
07
5e
f8
41
9d
0c
cf
c2
06
0f
68
25
64
fc
68
25
a7
ff
69
00
d3
ff
00
c6
9c
3a
5c
94
07
// frame 848 tick 35607566 ms row 35607556 DESCENT
02
4b
47
35
4c
44
49
50
03
f4
bf
03
0c
06
5e
f8
41
a2
0c
cf
c2
f6
0e
3e
25
43
fc
3e
25
ed
ff
89
00
67
ff
00
dc
9c
3a
5c
bc
07
// frame 849 tick 35607766 ms row 35607730 DESCENT
02
4b
47
35
4c
44
49
51
03
f4
bf
03
0c
0b
5e
f8
41
9a
0c
cf
c2
f2
0e
1b
25
ce
fb
1b
25
d8
ff
bc
00
45
ff
00
f0
9c
3a
5d
e4
07
// frame 850 tick 35607966 ms row 35607956 DESCENT
02
4b
47
35
4c
44
49
52
03
f4
bf
03
0c
24
5e
f8
41
9d
0c
cf
c2
f0
0e
ea
24
c8
fb
ea
24
1a
00
80
00
59
ff
00
04
9d
3a
5e
0c
08
// frame 851 tick 35608166 ms row 35608130 DESCENT
02
4b
47
35
4c
44
49
53
03
f4
bf
03
0c
09
5e
f8
41
9d
0c
cf
c2
e4
0e
c6
24
1f
fc
c6
24
a9
fe
3f
00
95
ff
00
16
9d
3a
5f
34
08
// frame 852 tick 35608366 ms row 35608356 DESCENT
02
4b
47
35
4c
44
49
54
03
f4
bf
03
0c
15
5e
f8
41
9c
0c
cf
c2
dd
0e
9c
24
55
fc
9c
24
40
ff
a6
00
e0
ff
00
2c
9d
3a
60
5c
08
// frame 853 tick 35608566 ms row 35608530 DESCENT
02
4b
47
35
4c
44
49
55
03
f4
bf
03
0c
09
5e
f8
41
98
0c
cf
c2
d2
0e
79
24
ff
fb
79
24
10
ff
48
00
f7
ff
00
3f
9d
3a
61
84
08
// frame 854 tick 35608766 ms row 35608756 DESCENT
02
4b
47
35
4c
44
49
56
03
f4
bf
03
0c
16
5e
f8
41
95
0c
cf
c2
c4
0e
4a
24
d2
fb
4a
24
46
ff
eb
ff
01
00
00
55
9d
3a
62
ac
08
// frame 855 tick 35608966 ms row 35608930 DESCENT
02
4b
47
35
4c
44
49
57
03
f4
bf
03
0c
18
5e
f8
41
97
0c
cf
c2
c1
0e
24
24
f0
fb
24
24
ea
ff
2f
ff
19
00
00
68
9d
3a
64
d4
08
// frame 856 tick 35609166 ms row 35609156 DESCENT
02
4b
47
35
4c
44
49
58
03
f4
bf
03
0c
14
5e
f8
41
94
0c
cf
c2
b7
0e
f6
23
ed
fb
f6
23
0a
ff
47
00
78
00
00
7f
9d
3a
65
fc
08
// frame 857 tick 35609366 ms row 35609330 DESCENT
02
4b
47
35
4c
44
49
59
03
f4
bf
03
0c
1c
5e
f8
41
96
0c
cf
c2
ad
0e
d2
23
f0
fb
d2
23
03
00
4c
00
6d
00
00
90
9d
3a
67
24
09
// frame 858 tick 35609566 ms row 35609556 DESCENT
02
4b
47
35
4c
44
49
5a
03
f4
bf
03
0c
1a
5e
f8
41
95
0c
cf
c2
ad
0e
a3
23
fc
fb
a3
23
b3
ff
3d
00
22
00
00
a8
9d
3a
68
4c
09
// frame 859 tick 35609766 ms row 35609730 DESCENT
02
4b
47
35
4c
44
49
5b
03
f4
bf
03
0c
16
5e
f8
41
92
0c
cf
c2
a4
0e
7e
23
bb
fb
7e
23
de
ff
18
00
d6
ff
00
bc
9d
3a
69
74
09
// frame 860 tick 35609966 ms row 35609956 DESCENT
02
4b
47
35
4c
44
49
5c
03
f4
bf
03
0c
16
5e
f8
41
8f
0c
cf
c2
9b
0e
4b
23
97
fb
4b
23
7f
00
cf
ff
a0
ff
00
d4
9d
3a
6a
9c
09
// frame 861 tick 35610166 ms row 35610130 DESCENT
02
4b
47
35
4c
44
49
5d
03
f4
bf
03
0c
22
5e
f8
41
90
0c
cf
c2
93
0e
25
23
d9
fb
25
23
b1
ff
e1
ff
9f
ff
00
e8
9d
3a
6b
c4
09
// frame 862 tick 35610366 ms row 35610356 DESCENT
02
4b
47
35
4c
44
49
5e
03
f4
bf
03
0c
1b
5e
f8
41
8f
0c
cf
c2
88
0e
f5
22
9e
fb
f5
22
3a
ff
f4
ff
d1
ff
00
00
9e
3a
6c
ec
09
// frame 863 tick 35610566 ms row 35610530 DESCENT
02
4b
47
35
4c
44
49
5f
03
f4
bf
03
0c
21
5e
f8
41
8f
0c
cf
c2
80
0e
cc
22
72
fb
cc
22
e2
fe
e6
ff
07
00
00
13
9e
3a
6c
14
0a
// frame 864 tick 35610766 ms row 35610756 DESCENT
02
4b
47
35
4c
44
49
60
03
f4
bf
03
0b
22
5e
f8
41
89
0c
cf
c2
72
0e
98
22
80
fb
98
22
89
ff
8b
00
28
00
00
2c
9e
3a
6c
3c
0a
// frame 865 tick 35610966 ms row 35610930 DESCENT
02
4b
47
35
4c
44
49
61
03
f4
bf
03
0b
29
5e
f8
41
8c
0c
cf
c2
73
0e
73
22
1f
fc
73
22
06
02
fd
00
3c
00
00
40
9e
3a
6c
64
0a
// frame 866 tick 35611166 ms row 35611156 DESCENT
02
4b
47
35
4c
44
49
62
03
f4
bf
03
0b
2c
5e
f8
41
8e
0c
cf
c2
67
0e
47
22
27
fc
47
22
35
01
f0
00
45
00
00
59
9e
3a
6b
8c
0a
// frame 867 tick 35611366 ms row 35611330 DESCENT
02
4b
47
35
4c
44
49
63
03
f4
bf
03
0a
2a
5e
f8
41
8e
0c
cf
c2
61
0e
1e
22
09
fb
1e
22
22
02
86
00
4a
00
00
6f
9e
3a
6b
b4
0a
// frame 868 tick 35611566 ms row 35611556 DESCENT
02
4b
47
35
4c
44
49
64
03
f4
bf
03
0a
32
5e
f8
41
8d
0c
cf
c2
4e
0e
e4
21
21
fb
e4
21
ca
00
e7
ff
3b
00
00
85
9e
3a
6a
dc
0a
// frame 869 tick 35611766 ms row 35611730 DESCENT
02
4b
47
35
4c
44
49
65
03
f4
bf
03
0a
27
5e
f8
41
88
0c
cf
c2
41
0e
be
21
34
fc
be
21
1f
ff
e5
ff
1f
00
00
98
9e
3a
69
04
0b
// frame 870 tick 35611966 ms row 35611956 DESCENT
02
4b
47
35
4c
44
49
66
03
f4
bf
03
0a
27
5e
f8
41
88
0c
cf
c2
3f
0e
98
21
b7
fc
98
21
b5
ff
98
ff
fa
ff
00
af
9e
3a
68
2c
0b
// frame 871 tick 35612166 ms row 35612130 DESCENT
02
4b
47
35
4c
44
49
67
03
f4
bf
03
0a
36
5e
f8
41
87
0c
cf
c2
32
0e
75
21
94
fb
75
21
17
00
c1
ff
d1
ff
00
c3
9e
3a
66
54
0b
// frame 872 tick 35612366 ms row 35612356 DESCENT
02
4b
47
35
4c
44
49
68
03
f4
bf
03
0a
33
5e
f8
41
8a
0c
cf
c2
2f
0e
3d
21
ff
fa
3d
21
5c
00
c0
ff
c3
ff
00
db
9e
3a
65
7c
0b
// frame 873 tick 35612566 ms row 35612530 DESCENT
02
4b
47
35
4c
44
49
69
03
f4
bf
03
0a
2f
5e
f8
41
84
0c
cf
c2
28
0e
12
21
90
fb
12
21
6c
ff
c9
ff
d3
ff
00
ef
9e
3a
64
a4
0b
// frame 874 tick 35612766 ms row 35612756 DESCENT
02
4b
47
35
4c
44
49
6a
03
f4
bf
03
0a
39
5e
f8
41
85
0c
cf
c2
23
0e
e6
20
66
fc
e6
20
a8
ff
27
00
f7
ff
00
07
9f
3a
62
cc
0b
// frame 875 tick 35612966 ms row 35612930 DESCENT
02
4b
47
35
4c
44
49
6b
03
f4
bf
03
0a
41
5e
f8
41
85
0c
cf
c2
16
0e
c4
20
f5
fb
c4
20
6e
ff
02
00
1d
00
00
1b
9f
3a
61
f4
0b
// frame 876 tick 35613166 ms row 35613156 DESCENT
02
4b
47
35
4c
44
49
6c
03
f4
bf
03
0a
39
5e
f8
41
85
0c
cf
c2
0a
0e
91
20
54
fb
91
20
a4
00
36
00
30
00
00
33
9f
3a
5f
1c
0c
// frame 877 tick 35613366 ms row 35613330 DESCENT
02
4b
47
35
4c
44
49
6d
03
f4
bf
03
0a
35
5e
f8
41
7e
0c
cf
c2
0b
0e
67
20
5c
fb
67
20
7a
ff
3d
00
30
00
00
47
9f
3a
5e
44
0c
// frame 878 tick 35613566 ms row 35613556 DESCENT
02
4b
47
35
4c
44
49
6e
03
f4
bf
03
09
3e
5e
f8
41
84
0c
cf
c2
00
0e
36
20
f2
fb
36
20
84
ff
63
00
2f
00
00
60
9f
3a
5d
6c
0c
// frame 879 tick 35613766 ms row 35613730 DESCENT
02
4b
47
35
4c
44
49
6f
03
f4
bf
03
09
30
5e
f8
41
7d
0c
cf
c2
f1
0d
12
20
ff
fb
12
20
30
00
6e
00
19
00
00
73
9f
3a
5d
94
0c
// frame 880 tick 35613966 ms row 35613956 DESCENT
02
4b
47
35
4c
44
49
70
03
f4
bf
03
09
47
5e
f8
41
7d
0c
cf
c2
ea
0d
e1
1f
7d
fb
e1
1f
c1
00
56
00
ff
ff
00
8c
9f
3a
5c
bc
0c
// frame 881 tick 35614166 ms row 35614130 DESCENT
02
4b
47
35
4c
44
49
71
03
f4
bf
03
09
46
5e
f8
41
7c
0c
cf
c2
d6
0d
b6
1f
2b
fb
b6
1f
4d
00
4b
00
f4
ff
00
a1
9f
3a
5c
e4
0c
// frame 882 tick 35614366 ms row 35614356 DESCENT
02
4b
47
35
4c
44
49
72
03
f4
bf
03
09
3f
5e
f8
41
7f
0c
cf
c2
d2
0d
81
1f
9a
fb
81
1f
f2
ff
b5
ff
16
00
00
bb
9f
3a
5c
0c
0d
// frame 883 tick 35614566 ms row 35614530 DESCENT
02
4b
47
35
4c
44
49
73
03
f4
bf
03
09
39
5e
f8
41
7b
0c
cf
c2
cf
0d
5c
1f
08
fc
5c
1f
3a
00
bc
ff
1e
00
00
ce
9f
3a
5c
34
0d
// frame 884 tick 35614766 ms row 35614756 DESCENT
02
4b
47
35
4c
44
49
74
03
f4
bf
03
09
42
5e
f8
41
79
0c
cf
c2
c2
0d
2d
1f
d8
fb
2d
1f
78
ff
f9
ff
34
00
00
e8
9f
3a
5d
5c
0d
// frame 885 tick 35614966 ms row 35614930 DESCENT
02
4b
47
35
4c
44
49
75
03
f4
bf
03
09
49
5e
f8
41
79
0c
cf
c2
ba
0d
05
1f
61
fb
05
1f
fb
fe
c8
ff
5b
00
00
fc
9f
3a
5e
84
0d
// frame 886 tick 35615166 ms row 35615156 DESCENT
02
4b
47
35
4c
44
49
76
03
f4
bf
03
09
4d
5e
f8
41
7c
0c
cf
c2
ae
0d
cf
1e
7e
fb
cf
1e
45
00
f7
ff
65
00
00
13
a0
3a
5f
ac
0d
// frame 887 tick 35615366 ms row 35615330 DESCENT
02
4b
47
35
4c
44
49
77
03
f4
bf
03
09
4d
5e
f8
41
79
0c
cf
c2
a9
0d
aa
1e
18
fc
aa
1e
74
00
d2
ff
5c
00
00
27
a0
3a
60
d4
0d
// frame 888 tick 35615566 ms row 35615556 DESCENT
02
4b
47
35
4c
44
49
78
03
f4
bf
03
09
4a
5e
f8
41
74
0c
cf
c2
a7
0d
7e
1e
3b
fc
7e
1e
36
00
1f
00
0c
00
00
3f
a0
3a
61
fc
0d
// frame 889 tick 35615766 ms row 35615766 DESCENT
02
4b
47
35
4c
44
49
79
03
f4
bf
03
09
4b
5e
f8
41
73
0c
cf
c2
9a
0d
51
1e
6d
fb
51
1e
1a
00
01
00
b2
ff
00
59
a0
3a
62
14
00
// frame 890 tick 35615966 ms row 35615966 DESCENT
02
4b
47
35
4c
44
49
7a
03
f4
bf
03
0a
53
5e
f8
41
72
0c
cf
c2
8d
0d
20
1e
0a
fb
20
1e
22
01
e2
ff
a4
ff
00
70
a0
3a
64
3c
00
// frame 891 tick 35616166 ms row 35616166 DESCENT
02
4b
47
35
4c
44
49
7b
03
f4
bf
03
0a
50
5e
f8
41
76
0c
cf
c2
80
0d
ee
1d
78
fb
ee
1d
5f
ff
c6
ff
b3
ff
00
86
a0
3a
65
64
00
// frame 892 tick 35616366 ms row 35616366 DESCENT
02
4b
47
35
4c
44
49
7c
03
f4
bf
03
0a
4c
5e
f8
41
70
0c
cf
c2
7e
0d
c3
1d
e4
fb
c3
1d
1f
00
dd
ff
d2
ff
00
9e
a0
3a
67
8c
00
// frame 893 tick 35616566 ms row 35616566 DESCENT
02
4b
47
35
4c
44
49
7d
03
f4
bf
03
0a
54
5e
f8
41
72
0c
cf
c2
77
0d
98
1d
d1
fb
98
1d
90
ff
f9
ff
ef
ff
00
b4
a0
3a
68
b4
00
// frame 894 tick 35616766 ms row 35616766 DESCENT
02
4b
47
35
4c
44
49
7e
03
f4
bf
03
0a
5d
5e
f8
41
6d
0c
cf
c2
73
0d
6c
1d
83
fb
6c
1d
45
ff
eb
ff
09
00
00
cb
a0
3a
69
dc
00
// frame 895 tick 35616966 ms row 35616966 DESCENT
02
4b
47
35
4c
44
49
7f
03
f4
bf
03
0a
54
5e
f8
41
6d
0c
cf
c2
61
0d
3d
1d
78
fb
3d
1d
25
01
d0
ff
16
00
00
e2
a0
3a
6a
04
01
// frame 896 tick 35617166 ms row 35617166 DESCENT
02
4b
47
35
4c
44
49
80
03
f4
bf
03
0a
50
5e
f8
41
72
0c
cf
c2
5d
0d
11
1d
e7
fb
11
1d
7e
00
dc
ff
15
00
00
f8
a0
3a
6b
2c
01
// frame 897 tick 35617366 ms row 35617366 DESCENT
02
4b
47
35
4c
44
49
81
03
f4
bf
03
0a
61
5e
f8
41
6d
0c
cf
c2
53
0d
e7
1c
ea
fb
e7
1c
cd
00
ee
ff
05
00
00
0e
a1
3a
6c
54
01
// frame 898 tick 35617566 ms row 35617566 DESCENT
02
4b
47
35
4c
44
49
82
03
f4
bf
03
0a
62
5e
f8
41
6d
0c
cf
c2
49
0d
ba
1c
6d
fb
ba
1c
04
00
17
00
ed
ff
00
25
a1
3a
6c
7c
01
// frame 899 tick 35617766 ms row 35617766 DESCENT
02
4b
47
35
4c
44
49
83
03
f4
bf
03
0a
5e
5e
f8
41
6d
0c
cf
c2
39
0d
8a
1c
2b
fb
8a
1c
ad
ff
38
00
dd
ff
00
3d
a1
3a
6c
a4
01
// frame 900 tick 35617966 ms row 35617966 DESCENT
02
4b
47
35
4c
44
49
84
03
f4
bf
03
0a
5a
5e
f8
41
68
0c
cf
c2
37
0d
5a
1c
8d
fb
5a
1c
6f
ff
1f
00
d0
ff
00
54
a1
3a
6c
cc
01
// frame 901 tick 35618166 ms row 35618166 DESCENT
02
4b
47
35
4c
44
49
85
03
f4
bf
03
0a
6f
5e
f8
41
6b
0c
cf
c2
30
0d
30
1c
e4
fb
30
1c
65
ff
f4
ff
d1
ff
00
6b
a1
3a
6b
f4
01
// frame 902 tick 35618366 ms row 35618346 DESCENT
02
4b
47
35
4c
44
49
86
03
f4
bf
03
0a
70
5e
f8
41
6b
0c
cf
c2
1b
0d
09
1c
db
fb
09
1c
06
00
ba
00
f1
ff
00
7f
a1
3a
6b
1c
02
// frame 903 tick 35618566 ms row 35618546 DESCENT
02
4b
47
35
4c
44
49
87
03
f4
bf
03
0a
6a
5e
f8
41
69
0c
cf
c2
1b
0d
dc
1b
6d
fb
dc
1b
bc
ff
26
00
08
00
00
97
a1
3a
6a
44
02
// frame 904 tick 35618766 ms row 35618746 DESCENT
02
4b
47
35
4c
44
49
88
03
f4
bf
03
0a
74
5e
f8
41
6a
0c
cf
c2
12
0d
ac
1b
5c
fb
ac
1b
1f
00
ea
ff
0f
00
00
ad
a1
3a
69
6c
02
// frame 905 tick 35618966 ms row 35618946 DESCENT
02
4b
47
35
4c
44
49
89
03
f4
bf
03
0a
6f
5e
f8
41
65
0c
cf
c2
08
0d
80
1b
e4
fb
80
1b
51
ff
da
ff
1d
00
00
c4
a1
3a
68
94
02
// frame 906 tick 35619166 ms row 35619146 DESCENT
02
4b
47
35
4c
44
49
8a
03
f4
bf
03
0a
6b
5e
f8
41
65
0c
cf
c2
fe
0c
57
1b
28
fc
57
1b
16
02
e9
fe
33
00
00
d9
a1
3a
66
bc
02
// frame 907 tick 35619366 ms row 35619346 DESCENT
02
4b
47
35
4c
44
49
8b
03
f4
bf
03
0a
78
5e
f8
41
64
0c
cf
c2
f9
0c
2e
1b
be
fb
2e
1b
23
02
94
ff
47
00
00
f0
a1
3a
65
e4
02
// frame 908 tick 35619566 ms row 35619546 DESCENT
02
4b
47
35
4c
44
49
8c
03
f4
bf
03
09
69
5e
f8
41
62
0c
cf
c2
eb
0c
02
1b
a5
fb
02
1b
65
ff
06
00
45
00
00
05
a2
3a
64
0c
03
// frame 909 tick 35619766 ms row 35619746 DESCENT
02
4b
47
35
4c
44
49
8d
03
f4
bf
03
09
6f
5e
f8
41
5f
0c
cf
c2
ec
0c
d5
1a
c2
fb
d5
1a
c2
ff
56
00
3d
00
00
1a
a2
3a
62
34
03
// frame 910 tick 35619966 ms row 35619946 DESCENT
02
4b
47
35
4c
44
49
8e
03
f4
bf
03
09
85
5e
f8
41
60
0c
cf
c2
e1
0c
ac
1a
31
fc
ac
1a
b0
ff
bd
00
1e
00
00
2f
a2
3a
61
5c
03
// frame 911 tick 35620166 ms row 35620146 DESCENT
02
4b
47
35
4c
44
49
8f
03
f4
bf
03
09
6f
5e
f8
41
5f
0c
cf
c2
d8
0c
86
1a
01
fc
86
1a
60
00
6d
00
a2
ff
00
46
a2
3a
5f
84
03
// frame 912 tick 35620366 ms row 35620346 DESCENT
02
4b
47
35
4c
44
49
90
03
f4
bf
03
09
73
5e
f8
41
62
0c
cf
c2
c7
0c
58
1a
32
fb
58
1a
52
ff
47
00
86
ff
00
5d
a2
3a
5e
ac
03
// frame 913 tick 35620566 ms row 35620546 DESCENT
02
4b
47
35
4c
44
49
91
03
f4
bf
03
09
80
5e
f8
41
60
0c
cf
c2
bc
0c
26
1a
63
fb
26
1a
bc
01
b7
ff
82
ff
00
73
a2
3a
5d
d4
03
// frame 914 tick 35620766 ms row 35620746 DESCENT
02
4b
47
35
4c
44
49
92
03
f4
bf
03
09
7b
5e
f8
41
5e
0c
cf
c2
b8
0c
fb
19
29
fc
fb
19
d0
00
fb
fe
ac
ff
00
8a
a2
3a
5d
fc
03
// frame 915 tick 35620966 ms row 35620946 DESCENT
02
4b
47
35
4c
44
49
93
03
f4
bf
03
09
7d
5e
f8
41
59
0c
cf
c2
b4
0c
d5
19
37
fc
d5
19
bc
ff
7f
ff
ff
ff
00
a0
a2
3a
5c
24
04
// frame 916 tick 35621166 ms row 35621146 DESCENT
02
4b
47
35
4c
44
49
94
03
f4
bf
03
09
7e
5e
f8
41
5d
0c
cf
c2
a9
0c
ab
19
a7
fb
ab
19
d9
ff
c0
ff
33
00
00
b5
a2
3a
5c
4c
04
// frame 917 tick 35621366 ms row 35621346 DESCENT
02
4b
47
35
4c
44
49
95
03
f4
bf
03
09
8a
5e
f8
41
5b
0c
cf
c2
a1
0c
7c
19
56
fb
7c
19
47
ff
e8
ff
41
00
00
cc
a2
3a
5c
74
04
// frame 918 tick 35621566 ms row 35621546 DESCENT
02
4b
47
35
4c
44
49
96
03
f4
bf
03
09
84
5e
f8
41
5b
0c
cf
c2
99
0c
4f
19
ce
fb
4f
19
a9
ff
e9
ff
41
00
00
e1
a2
3a
5c
9c
04
// frame 919 tick 35621766 ms row 35621746 DESCENT
02
4b
47
35
4c
44
49
97
03
f4
bf
03
09
86
5e
f8
41
57
0c
cf
c2
97
0c
26
19
19
fc
26
19
28
00
0b
00
26
00
00
f8
a2
3a
5d
c4
04
// frame 920 tick 35621966 ms row 35621946 DESCENT
02
4b
47
35
4c
44
49
98
03
f4
bf
03
09
76
5e
f8
41
5b
0c
cf
c2
8b
0c
fe
18
e4
fb
fe
18
0f
ff
15
00
1a
00
00
0f
a3
3a
5e
ec
04
// frame 921 tick 35622166 ms row 35622146 DESCENT
02
4b
47
35
4c
44
49
99
03
f4
bf
03
09
90
5e
f8
41
55
0c
cf
c2
83
0c
d1
18
5f
fb
d1
18
4e
ff
3d
00
15
00
00
25
a3
3a
5f
14
05
// frame 922 tick 35622366 ms row 35622346 DESCENT
02
4b
47
35
4c
44
49
9a
03
f4
bf
03
09
8e
5e
f8
41
57
0c
cf
c2
78
0c
a2
18
84
fb
a2
18
9a
ff
2d
00
eb
ff
00
3c
a3
3a
60
3c
05
// frame 923 tick 35622566 ms row 35622546 DESCENT
02
4b
47
35
4c
44
49
9b
03
f4
bf
03
09
80
5e
f8
41
53
0c
cf
c2
6a
0c
75
18
9c
fb
75
18
03
00
25
00
f1
ff
00
54
a3
3a
61
64
05
// frame 924 tick 35622766 ms row 35622746 DESCENT
02
4b
47
35
4c
44
49
9c
03
f4
bf
03
09
80
5e
f8
41
53
0c
cf
c2
61
0c
47
18
85
fb
47
18
60
00
e2
ff
d8
ff
00
6b
a3
3a
62
8c
05
// frame 925 tick 35622966 ms row 35622946 DESCENT
02
4b
47
35
4c
44
49
9d
03
f4
bf
03
09
90
5e
f8
41
54
0c
cf
c2
57
0c
19
18
77
fb
19
18
ad
ff
14
00
bb
ff
00
82
a3
3a
64
b4
05
// frame 926 tick 35623166 ms row 35623146 DESCENT
02
4b
47
35
4c
44
49
9e
03
f4
bf
03
09
9b
5e
f8
41
4e
0c
cf
c2
49
0c
eb
17
92
fb
eb
17
58
ff
62
00
a2
ff
00
9b
a3
3a
65
dc
05
// frame 927 tick 35623366 ms row 35623346 DESCENT
02
4b
47
35
4c
44
49
9f
03
f4
bf
03
09
92
5e
f8
41
51
0c
cf
c2
49
0c
be
17
c3
fb
be
17
40
00
83
00
94
ff
00
b0
a3
3a
67
04
06
// frame 928 tick 35623566 ms row 35623546 DESCENT
02
4b
47
35
4c
44
49
a0
03
f4
bf
03
09
9a
5e
f8
41
51
0c
cf
c2
40
0c
93
17
ab
fb
93
17
77
ff
81
00
9a
ff
00
c9
a3
3a
68
2c
06
// frame 929 tick 35623766 ms row 35623746 DESCENT
02
4b
47
35
4c
44
49
a1
03
f4
bf
03
09
91
5e
f8
41
4f
0c
cf
c2
3a
0c
64
17
56
fb
64
17
87
ff
79
00
bb
ff
00
e0
a3
3a
69
54
06
// frame 930 tick 35623966 ms row 35623946 DESCENT
02
4b
47
35
4c
44
49
a2
03
f4
bf
03
09
94
5e
f8
41
4e
0c
cf
c2
2b
0c
33
17
2b
fb
33
17
6d
00
73
00
fe
ff
00
f9
a3
3a
6a
7c
06
// frame 931 tick 35624166 ms row 35624146 DESCENT
02
4b
47
35
4c
44
49
a3
03
f4
bf
03
09
9c
5e
f8
41
4b
0c
cf
c2
29
0c
02
17
34
fb
02
17
7d
fe
24
00
1e
00
00
11
a4
3a
6b
a4
06
// frame 932 tick 35624366 ms row 35624346 DESCENT
02
4b
47
35
4c
44
49
a4
03
f4
bf
03
09
9b
5e
f8
41
49
0c
cf
c2
19
0c
d3
16
aa
fb
d3
16
53
ff
f1
ff
28
00
00
2a
a4
3a
6c
cc
06
// frame 933 tick 35624566 ms row 35624546 DESCENT
02
4b
47
35
4c
44
49
a5
03
f4
bf
03
09
9f
5e
f8
41
47
0c
cf
c2
0f
0c
a7
16
b1
fb
a7
16
bd
ff
f0
ff
2f
00
00
43
a4
3a
6c
f4
06
// frame 934 tick 35624766 ms row 35624746 DESCENT
02
4b
47
35
4c
44
49
a6
03
f4
bf
03
09
a8
5e
f8
41
4c
0c
cf
c2
05
0c
7b
16
ac
fb
7b
16
e5
00
f7
ff
3c
00
00
59
a4
3a
6c
1c
07
// frame 935 tick 35624966 ms row 35624946 DESCENT
02
4b
47
35
4c
44
49
a7
03
f4
bf
03
09
9d
5e
f8
41
4d
0c
cf
c2
fa
0b
50
16
e8
fb
50
16
5e
02
55
00
35
00
00
6f
a4
3a
6c
44
07
// frame 936 tick 35625166 ms row 35625146 DESCENT
02
4b
47
35
4c
44
49
a8
03
f4
bf
03
09
a6
5e
f8
41
4d
0c
cf
c2
f6
0b
27
16
04
fc
27
16
62
01
b0
00
32
00
00
84
a4
3a
6b
6c
07
// frame 937 tick 35625366 ms row 35625346 DESCENT
02
4b
47
35
4c
44
49
a9
03
f4
bf
03
09
a6
5e
f8
41
46
0c
cf
c2
ef
0b
fd
15
e4
fb
fd
15
be
ff
ca
00
24
00
00
9a
a4
3a
6b
94
07
// frame 938 tick 35625566 ms row 35625546 DESCENT
02
4b
47
35
4c
44
49
aa
03
f4
bf
03
09
a1
5e
f8
41
43
0c
cf
c2
df
0b
d0
15
8d
fb
d0
15
e4
ff
9f
00
25
00
00
b1
a4
3a
6a
bc
07
// frame 939 tick 35625766 ms row 35625746 DESCENT
02
4b
47
35
4c
44
49
ab
03
f4
bf
03
09
a3
5e
f8
41
45
0c
cf
c2
e1
0b
a2
15
86
fb
a2
15
96
ff
1b
00
1a
00
00
c8
a4
3a
69
e4
07
// frame 940 tick 35625966 ms row 35625946 DESCENT
02
4b
47
35
4c
44
49
ac
03
f4
bf
03
09
a3
5e
f8
41
41
0c
cf
c2
d1
0b
77
15
0d
fc
77
15
56
ff
e1
ff
00
00
00
de
a4
3a
68
0c
08
// frame 941 tick 35626166 ms row 35626146 DESCENT
02
4b
47
35
4c
44
49
ad
03
f4
bf
03
09
a6
5e
f8
41
41
0c
cf
c2
ce
0b
50
15
19
fc
50
15
7d
00
b6
ff
ec
ff
00
f3
a4
3a
66
34
08
// frame 942 tick 35626366 ms row 35626346 DESCENT
02
4b
47
35
4c
44
49
ae
03
f4
bf
03
09
a2
5e
f8
41
41
0c
cf
c2
bd
0b
25
15
b0
fb
25
15
3b
ff
d5
ff
cc
ff
00
0a
a5
3a
65
5c
08
// frame 943 tick 35626566 ms row 35626546 DESCENT
02
4b
47
35
4c
44
49
af
03
f4
bf
03
09
ad
5e
f8
41
43
0c
cf
c2
bc
0b
f8
14
7c
fb
f8
14
8b
00
c4
ff
d8
ff
00
21
a5
3a
64
84
08
// frame 944 tick 35626766 ms row 35626750 DESCENT
02
4b
47
35
4c
44
49
b0
03
f4
bf
03
09
a3
5e
f8
41
41
0c
cf
c2
b3
0b
cb
14
f4
fb
cb
14
4d
ff
18
00
22
00
00
36
a5
3a
62
ac
08
// frame 945 tick 35626966 ms row 35626926 DESCENT
02
4b
47
35
4c
44
49
b1
03
f4
bf
03
09
b8
5e
f8
41
41
0c
cf
c2
a6
0b
a8
14
1f
fc
a8
14
1d
00
fe
ff
58
00
00
4b
a5
3a
61
d4
08
// frame 946 tick 35627166 ms row 35627150 DESCENT
02
4b
47
35
4c
44
49
b2
03
f4
bf
03
09
b0
5e
f8
41
3f
0c
cf
c2
99
0b
7b
14
e0
fb
7b
14
cc
ff
67
00
75
00
00
62
a5
3a
5f
fc
08
// frame 947 tick 35627366 ms row 35627326 DESCENT
02
4b
47
35
4c
44
49
b3
03
f4
bf
03
09
b4
5e
f8
41
3f
0c
cf
c2
92
0b
53
14
7e
fb
53
14
3e
01
d6
00
71
00
00
77
a5
3a
5e
24
09
// frame 948 tick 35627566 ms row 35627550 DESCENT
02
4b
47
35
4c
44
49
b4
03
f4
bf
03
09
b3
5e
f8
41
3b
0c
cf
c2
8e
0b
21
14
d4
fb
21
14
be
ff
63
00
3e
00
00
90
a5
3a
5d
4c
09
// frame 949 tick 35627766 ms row 35627726 DESCENT
02
4b
47
35
4c
44
49
b5
03
f4
bf
03
09
b4
5e
f8
41
3d
0c
cf
c2
8b
0b
fd
13
1f
fc
fd
13
97
ff
1d
00
42
00
00
a3
a5
3a
5d
74
09
// frame 950 tick 35627966 ms row 35627950 DESCENT
02
4b
47
35
4c
44
49
b6
03
f4
bf
03
09
ba
5e
f8
41
37
0c
cf
c2
78
0b
cc
13
89
fb
cc
13
3b
ff
57
00
45
00
00
bd
a5
3a
5c
9c
09
// frame 951 tick 35628166 ms row 35628126 DESCENT
02
4b
47
35
4c
44
49
b7
03
f4
bf
03
09
c7
5e
f8
41
3a
0c
cf
c2
71
0b
a3
13
52
fb
a3
13
2e
ff
1d
00
3f
00
00
d1
a5
3a
5c
c4
09
// frame 952 tick 35628366 ms row 35628350 DESCENT
02
4b
47
35
4c
44
49
b8
03
f4
bf
03
09
c5
5e
f8
41
39
0c
cf
c2
68
0b
6f
13
b0
fb
6f
13
e7
fe
07
00
19
00
00
ec
a5
3a
5c
ec
09
// frame 953 tick 35628566 ms row 35628526 DESCENT
02
4b
47
35
4c
44
49
b9
03
f4
bf
03
09
c8
5e
f8
41
38
0c
cf
c2
5f
0b
49
13
c1
fb
49
13
28
00
dc
ff
15
00
00
00
a6
3a
5c
14
0a
// frame 954 tick 35628766 ms row 35628750 DESCENT
02
4b
47
35
4c
44
49
ba
03
f4
bf
03
09
bc
5e
f8
41
36
0c
cf
c2
5b
0b
17
13
67
fb
17
13
6d
fe
fa
ff
18
00
00
1b
a6
3a
5d
3c
0a
// frame 955 tick 35628966 ms row 35628926 DESCENT
02
4b
47
35
4c
44
49
bb
03
f4
bf
03
09
bc
5e
f8
41
33
0c
cf
c2
57
0b
ec
12
33
fb
ec
12
2d
00
f5
ff
18
00
00
31
a6
3a
5e
64
0a
// frame 956 tick 35629166 ms row 35629150 DESCENT
02
4b
47
35
4c
44
49
bc
03
f4
bf
03
09
c9
5e
f8
41
35
0c
cf
c2
44
0b
b5
12
5c
fb
b5
12
1b
01
cb
ff
0d
00
00
4c
a6
3a
5f
8c
0a
// frame 957 tick 35629366 ms row 35629326 DESCENT
02
4b
47
35
4c
44
49
bd
03
f4
bf
03
09
bd
5e
f8
41
36
0c
cf
c2
3d
0b
8c
12
5e
fb
8c
12
a1
ff
f7
ff
0a
00
00
64
a6
3a
60
b4
0a
// frame 958 tick 35629566 ms row 35629550 DESCENT
02
4b
47
35
4c
44
49
be
03
f4
bf
03
09
d1
5e
f8
41
34
0c
cf
c2
33
0b
57
12
5e
fb
57
12
4a
00
a8
ff
07
00
00
7f
a6
3a
61
dc
0a
// frame 959 tick 35629766 ms row 35629726 DESCENT
02
4b
47
35
4c
44
49
bf
03
f4
bf
03
09
d7
5e
f8
41
32
0c
cf
c2
27
0b
2d
12
4c
fb
2d
12
07
01
95
ff
0a
00
00
95
a6
3a
62
04
0b
// frame 960 tick 35629966 ms row 35629950 DESCENT
02
4b
47
35
4c
44
49
c0
03
f4
bf
03
09
cc
5e
f8
41
2f
0c
cf
c2
1f
0b
f6
11
39
fb
f6
11
e3
ff
d4
ff
fc
ff
00
b2
a6
3a
64
2c
0b
// frame 961 tick 35630166 ms row 35630126 DESCENT
02
4b
47
35
4c
44
49
c1
03
f4
bf
03
09
c9
5e
f8
41
30
0c
cf
c2
16
0b
cb
11
1c
fb
cb
11
33
00
dd
ff
f5
ff
00
c9
a6
3a
65
54
0b
// frame 962 tick 35630366 ms row 35630350 DESCENT
02
4b
47
35
4c
44
49
c2
03
f4
bf
03
09
df
5e
f8
41
2a
0c
cf
c2
03
0b
93
11
41
fb
93
11
49
00
ed
ff
e8
ff
00
e5
a6
3a
67
7c
0b
// frame 963 tick 35630566 ms row 35630526 DESCENT
02
4b
47
35
4c
44
49
c3
03
f4
bf
03
09
d3
5e
f8
41
2f
0c
cf
c2
06
0b
69
11
42
fb
69
11
7c
ff
e9
ff
de
ff
00
fb
a6
3a
68
a4
0b
// frame 964 tick 35630766 ms row 35630750 DESCENT
02
4b
47
35
4c
44
49
c4
03
f4
bf
03
09
d3
5e
f8
41
2e
0c
cf
c2
f8
0a
31
11
25
fb
31
11
42
ff
fb
ff
da
ff
00
18
a7
3a
69
cc
0b
// frame 965 tick 35630966 ms row 35630926 DESCENT
02
4b
47
35
4c
44
49
c5
03
f4
bf
03
09
d2
5e
f8
41
2e
0c
cf
c2
f1
0a
05
11
00
fb
05
11
3b
00
ff
ff
d8
ff
00
30
a7
3a
6a
f4
0b
// frame 966 tick 35631166 ms row 35631150 DESCENT
02
4b
47
35
4c
44
49
c6
03
f4
bf
03
09
ce
5e
f8
41
2a
0c
cf
c2
e3
0a
cc
10
0a
fb
cc
10
4d
00
e1
ff
e4
ff
00
4e
a7
3a
6b
1c
0c
// frame 967 tick 35631366 ms row 35631326 DESCENT
02
4b
47
35
4c
44
49
c7
03
f4
bf
03
09
da
5e
f8
41
28
0c
cf
c2
d5
0a
a0
10
1b
fb
a0
10
da
ff
f5
ff
f9
ff
00
65
a7
3a
6c
44
0c
// frame 968 tick 35631566 ms row 35631550 DESCENT
02
4b
47
35
4c
44
49
c8
03
f4
bf
03
09
e1
5e
f8
41
2b
0c
cf
c2
d2
0a
69
10
55
fb
69
10
6e
ff
2b
00
fd
ff
00
81
a7
3a
6c
6c
0c
// frame 969 tick 35631766 ms row 35631726 DESCENT
02
4b
47
35
4c
44
49
c9
03
f4
bf
03
09
d3
5e
f8
41
29
0c
cf
c2
cc
0a
3f
10
4f
fb
3f
10
03
ff
03
00
fe
ff
00
98
a7
3a
6c
94
0c
// frame 970 tick 35631966 ms row 35631950 DESCENT
02
4b
47
35
4c
44
49
ca
03
f4
bf
03
09
d9
5e
f8
41
26
0c
cf
c2
bf
0a
09
10
66
fb
09
10
ab
02
0f
ff
1c
00
00
b3
a7
3a
6c
bc
0c
// frame 971 tick 35632166 ms row 35632126 DESCENT
02
4b
47
35
4c
44
49
cb
03
f4
bf
03
09
db
5e
f8
41
25
0c
cf
c2
b5
0a
df
0f
49
fb
df
0f
83
ff
bc
ff
44
00
00
ca
a7
3a
6b
e4
0c
// frame 972 tick 35632366 ms row 35632350 DESCENT
02
4b
47
35
4c
44
49
cc
03
f4
bf
03
09
dd
5e
f8
41
26
0c
cf
c2
a9
0a
a8
0f
24
fb
a8
0f
4f
ff
82
ff
34
00
00
e6
a7
3a
6b
0c
0d
// frame 973 tick 35632566 ms row 35632526 DESCENT
02
4b
47
35
4c
44
49
cd
03
f4
bf
03
09
db
5e
f8
41
23
0c
cf
c2
a2
0a
7c
0f
24
fb
7c
0f
5e
ff
14
00
24
00
00
fe
a7
3a
6a
34
0d
// frame 974 tick 35632766 ms row 35632750 DESCENT
02
4b
47
35
4c
44
49
ce
03
f4
bf
03
09
e4
5e
f8
41
25
0c
cf
c2
94
0a
46
0f
64
fb
46
0f
ea
ff
f9
ff
09
00
00
19
a8
3a
69
5c
0d
// frame 975 tick 35632966 ms row 35632926 DESCENT
02
4b
47
35
4c
44
49
cf
03
f4
bf
03
09
e6
5e
f8
41
21
0c
cf
c2
8f
0a
1c
0f
63
fb
1c
0f
94
ff
0f
00
f9
ff
00
31
a8
3a
68
84
0d
// frame 976 tick 35633166 ms row 35633150 DESCENT
02
4b
47
35
4c
44
49
d0
03
f4
bf
03
0a
f0
5e
f8
41
1f
0c
cf
c2
7e
0a
e5
0e
1c
fb
e5
0e
f8
fe
70
00
f3
ff
00
4d
a8
3a
66
ac
0d
// frame 977 tick 35633366 ms row 35633326 DESCENT
02
4b
47
35
4c
44
49
d1
03
f4
bf
03
0a
f4
5e
f8
41
1b
0c
cf
c2
7d
0a
b8
0e
f6
fa
b8
0e
1a
ff
57
00
f2
ff
00
65
a8
3a
65
d4
0d
// frame 978 tick 35633566 ms row 35633550 DESCENT
02
4b
47
35
4c
44
49
d2
03
f4
bf
03
0a
f1
5e
f8
41
20
0c
cf
c2
70
0a
80
0e
32
fb
80
0e
a0
ff
23
00
02
00
00
82
a8
3a
64
fc
0d
// frame 979 tick 35633766 ms row 35633726 DESCENT
02
4b
47
35
4c
44
49
d3
03
f4
bf
03
0a
ea
5e
f8
41
1d
0c
cf
c2
6a
0a
55
0e
4d
fb
55
0e
fb
ff
42
00
07
00
00
9a
a8
3a
62
14
00
// frame 980 tick 35633966 ms row 35633950 DESCENT
02
4b
47
35
4c
44
49
d4
03
f4
bf
03
0a
f6
5e
f8
41
19
0c
cf
c2
5b
0a
1e
0e
15
fb
1e
0e
7d
00
30
01
04
00
00
b7
a8
3a
61
3c
00
// frame 981 tick 35634166 ms row 35634126 DESCENT
02
4b
47
35
4c
44
49
d5
03
f4
bf
03
0a
f9
5e
f8
41
22
0c
cf
c2
50
0a
f0
0d
a7
fa
f0
0d
d6
ff
7c
00
14
00
00
d0
a8
3a
5f
64
00
// frame 982 tick 35634366 ms row 35634350 DESCENT
02
4b
47
35
4c
44
49
d6
03
f4
bf
03
0a
f2
5e
f8
41
19
0c
cf
c2
4a
0a
b3
0d
ef
fa
b3
0d
c0
ff
3b
00
23
00
00
ed
a8
3a
5e
8c
00
// frame 983 tick 35634566 ms row 35634526 DESCENT
02
4b
47
35
4c
44
49
d7
03
f4
bf
03
0a
f7
5e
f8
41
1a
0c
cf
c2
3f
0a
87
0d
3c
fb
87
0d
b2
ff
66
00
25
00
00
07
a9
3a
5d
b4
00
// frame 984 tick 35634766 ms row 35634750 DESCENT
02
4b
47
35
4c
44
49
d8
03
f4
bf
03
0a
f4
5e
f8
41
17
0c
cf
c2
33
0a
52
0d
6d
fb
52
0d
35
02
ad
ff
23
00
00
22
a9
3a
5d
dc
00
// frame 985 tick 35634966 ms row 35634931 DESCENT
02
4b
47
35
4c
44
49
d9
03
f4
bf
03
0a
01
5f
f8
41
17
0c
cf
c2
2e
0a
27
0d
43
fb
27
0d
05
01
c2
ff
1b
00
00
3a
a9
3a
5c
04
01
// frame 986 tick 35635166 ms row 35635150 DESCENT
02
4b
47
35
4c
44
49
da
03
f4
bf
03
0a
00
5f
f8
41
16
0c
cf
c2
1d
0a
f1
0c
55
fb
f1
0c
b6
01
e4
ff
03
00
00
55
a9
3a
5c
2c
01
// frame 987 tick 35635366 ms row 35635326 DESCENT
02
4b
47
35
4c
44
49
db
03
f4
bf
03
0a
0e
5f
f8
41
18
0c
cf
c2
1a
0a
c7
0c
70
fb
c7
0c
94
ff
c7
ff
fd
ff
00
6b
a9
3a
5c
54
01
// frame 988 tick 35635566 ms row 35635550 DESCENT
02
4b
47
35
4c
44
49
dc
03
f4
bf
03
0a
fe
5e
f8
41
13
0c
cf
c2
09
0a
95
0c
bb
fb
95
0c
85
00
43
00
ff
ff
00
86
a9
3a
5c
7c
01
// frame 989 tick 35635766 ms row 35635726 DESCENT
02
4b
47
35
4c
44
49
dd
03
f4
bf
03
0a
fa
5e
f8
41
16
0c
cf
c2
08
0a
6e
0c
ac
fb
6e
0c
fb
00
79
00
0c
00
00
9b
a9
3a
5d
a4
01
// frame 990 tick 35635966 ms row 35635950 DESCENT
02
4b
47
35
4c
44
49
de
03
f4
bf
03
0a
04
5f
f8
41
13
0c
cf
c2
fe
09
3c
0c
92
fb
3c
0c
db
ff
9d
00
60
00
00
b6
a9
3a
5e
cc
01
// frame 991 tick 35636166 ms row 35636126 DESCENT
02
4b
47
35
4c
44
49
df
03
f4
bf
03
0a
06
5f
f8
41
14
0c
cf
c2
f4
09
15
0c
d3
fb
15
0c
eb
02
ca
00
73
00
00
c9
a9
3a
5f
f4
01
// frame 992 tick 35636366 ms row 35636350 DESCENT
02
4b
47
35
4c
44
49
e0
03
f4
bf
03
0a
05
5f
f8
41
14
0c
cf
c2
e8
09
e7
0b
20
fc
e7
0b
31
03
3f
00
fb
ff
00
e3
a9
3a
60
1c
02
// frame 993 tick 35636566 ms row 35636526 DESCENT
02
4b
47
35
4c
44
49
e1
03
f4
bf
03
0a
06
5f
f8
41
12
0c
cf
c2
e3
09
c5
0b
56
fc
c5
0b
a4
04
f8
ff
97
ff
00
f5
a9
3a
61
44
02
// frame 994 tick 35636766 ms row 35636750 DESCENT
02
4b
47
35
4c
44
49
e2
03
f4
bf
03
0a
11
5f
f8
41
10
0c
cf
c2
e0
09
9c
0b
87
fc
9c
0b
4b
03
a0
ff
62
ff
00
0b
aa
3a
62
6c
02
// frame 995 tick 35636966 ms row 35636926 DESCENT
02
4b
47
35
4c
44
49
e3
03
f4
bf
03
0a
14
5f
f8
41
0e
0c
cf
c2
d8
09
7b
0b
6f
fc
7b
0b
80
03
28
00
b5
ff
00
1b
aa
3a
64
94
02
// frame 996 tick 35637166 ms row 35637150 DESCENT
02
4b
47
35
4c
44
49
e4
03
f4
bf
03
0a
07
5f
f8
41
0d
0c
cf
c2
c7
09
59
0b
b4
fd
59
0b
79
07
3b
00
5d
00
00
2c
aa
3a
65
bc
02
// frame 997 tick 35637366 ms row 35637326 DESCENT
02
4b
47
35
4c
44
49
e5
03
f4
bf
03
0a
10
5f
f8
41
0c
0c
cf
c2
cc
09
49
0b
7b
fe
49
0b
6f
03
7f
00
c2
00
00
39
aa
3a
67
e4
02
// frame 998 tick 35637566 ms row 35637550 DESCENT
02
4b
47
35
4c
44
49
e6
03
f4
bf
03
0a
12
5f
f8
41
0b
0c
cf
c2
bf
09
32
0b
a1
fd
32
0b
ae
00
5c
00
b8
00
00
44
aa
3a
68
0c
03
// frame 999 tick 35637766 ms row 35637726 DESCENT
02
4b
47
35
4c
44
49
e7
03
f4
bf
03
0a
13
5f
f8
41
09
0c
cf
c2
bd
09
1c
0b
9a
fd
1c
0b
ce
01
ad
00
a2
00
00
4d
aa
3a
69
34
03
// frame 1000 tick 35637966 ms row 35637950 DESCENT
02
4b
47
35
4c
44
49
e8
03
f4
bf
03
0a
1a
5f
f8
41
07
0c
cf
c2
b9
09
06
0b
77
fe
06
0b
5b
01
54
00
46
00
00
59
aa
3a
6a
5c
03
// frame 1001 tick 35638166 ms row 35638126 DESCENT
02
4b
47
35
4c
44
49
e9
03
f4
bf
03
0a
1b
5f
f8
41
0b
0c
cf
c2
bb
09
fa
0a
c7
fe
fa
0a
2c
01
d6
ff
ef
ff
00
61
aa
3a
6b
84
03
// frame 1002 tick 35638366 ms row 35638351 DESCENT
02
4b
47
35
4c
44
49
ea
03
f4
bf
03
0a
0e
5f
f8
41
0b
0c
cf
c2
b7
09
ea
0a
41
fe
ea
0a
b3
ff
9c
ff
8e
ff
00
6b
aa
3a
6c
ac
03
// frame 1003 tick 35638566 ms row 35638526 DESCENT
02
4b
47
35
4c
44
49
eb
03
f4
bf
03
0a
1f
5f
f8
41
07
0c
cf
c2
b4
09
d9
0a
27
fe
d9
0a
03
00
53
ff
5a
ff
00
72
aa
3a
6c
d4
03
// frame 1004 tick 35638766 ms row 35638750 DESCENT
02
4b
47
35
4c
44
49
ec
03
f4
bf
03
0a
1f
5f
f8
41
06
0c
cf
c2
ac
09
c5
0a
6a
fe
c5
0a
6b
00
50
00
61
ff
00
7c
aa
3a
6c
fc
03
// frame 1005 tick 35638966 ms row 35638926 DESCENT
02
4b
47
35
4c
44
49
ed
03
f4
bf
03
0a
1f
5f
f8
41
04
0c
cf
c2
b0
09
ba
0a
fb
fe
ba
0a
be
00
c7
ff
37
00
00
81
aa
3a
6c
24
04
// frame 1006 tick 35639166 ms row 35639150 DESCENT
02
4b
47
35
4c
44
49
ee
03
f4
bf
03
0a
23
5f
f8
41
03
0c
cf
c2
a8
09
af
0a
11
ff
af
0a
b3
ff
8a
ff
f0
00
00
89
aa
3a
6b
4c
04
// frame 1007 tick 35639366 ms row 35639326 DESCENT
02
4b
47
35
4c
44
49
ef
03
f4
bf
03
0a
27
5f
f8
41
03
0c
cf
c2
a8
09
a4
0a
67
fe
a4
0a
6b
ff
b6
ff
cf
00
00
91
aa
39
6b
74
04
// frame 1008 tick 35639566 ms row 35639550 DESCENT
02
4b
47
35
4c
44
49
f0
03
f4
bf
03
09
1f
5f
f8
41
05
0c
cf
c2
9f
09
8e
0a
34
fe
8e
0a
04
00
cf
ff
5c
00
00
99
aa
3a
6a
9c
04
// frame 1009 tick 35639766 ms row 35639726 DESCENT
02
4b
47
35
4c
44
49
f1
03
f4
bf
03
09
2f
5f
f8
41
03
0c
cf
c2
a3
09
80
0a
94
fe
80
0a
6c
00
fd
ff
b4
ff
00
a2
aa
3a
69
c4
04
// frame 1010 tick 35639966 ms row 35639950 DESCENT
02
4b
47
35
4c
44
49
f2
03
f4
bf
03
09
29
5f
f8
41
00
0c
cf
c2
a3
09
6e
0a
5d
fe
6e
0a
93
00
23
00
4f
ff
00
a9
aa
39
68
ec
04
// frame 1011 tick 35640166 ms row 35640126 DESCENT
02
4b
47
35
4c
44
49
f3
03
f4
bf
03
09
28
5f
f8
41
fb
0b
cf
c2
a3
09
60
0a
37
fe
60
0a
b7
00
17
00
19
ff
00
b6
aa
3a
66
14
05
// frame 1012 tick 35640366 ms row 35640350 DESCENT
02
4b
47
35
4c
44
49
f4
03
f4
bf
03
09
25
5f
f8
41
fd
0b
cf
c2
93
09
49
0a
23
fe
49
0a
88
00
40
00
c0
fe
00
bd
aa
39
65
3c
05
// frame 1013 tick 35640566 ms row 35640526 DESCENT
02
4b
47
35
4c
44
49
f5
03
f4
bf
03
09
1a
5f
f8
41
fd
0b
cf
c2
91
09
3b
0a
b3
fe
3b
0a
79
00
13
00
e8
fe
00
c6
aa
39
64
64
05
// frame 1014 tick 35640766 ms row 35640750 DESCENT
02
4b
47
35
4c
44
49
f6
03
f4
bf
03
09
36
5f
f8
41
fb
0b
cf
c2
88
09
2e
0a
ae
fe
2e
0a
33
00
11
00
8b
ff
00
ce
aa
39
62
8c
05
// frame 1015 tick 35640966 ms row 35640926 DESCENT
02
4b
47
35
4c
44
49
f7
03
f4
bf
03
09
2a
5f
f8
41
fc
0b
cf
c2
8e
09
20
0a
3e
fe
20
0a
fb
ff
d2
ff
1b
00
00
d7
aa
39
61
b4
05
// frame 1016 tick 35641166 ms row 35641150 DESCENT
02
4b
47
35
4c
44
49
f8
03
f4
bf
03
09
2a
5f
f8
41
f9
0b
cf
c2
88
09
08
0a
da
fd
08
0a
0c
00
9c
ff
92
00
00
e1
aa
39
5f
dc
05
// frame 1017 tick 35641366 ms row 35641326 DESCENT
02
4b
47
35
4c
44
49
f9
03
f4
bf
03
09
2e
5f
f8
41
fa
0b
cf
c2
87
09
f8
09
a8
fe
f8
09
ef
ff
de
ff
a6
00
00
e7
aa
39
5e
04
06
// frame 1018 tick 35641566 ms row 35641550 DESCENT
02
4b
47
35
4c
44
49
fa
03
f4
bf
03
09
31
5f
f8
41
fa
0b
cf
c2
8b
09
f1
09
cc
ff
f1
09
ea
ff
cf
ff
9a
00
00
ec
aa
39
5d
2c
06
// frame 1019 tick 35641766 ms row 35641726 DESCENT
02
4b
47
35
4c
44
49
fb
03
f4
bf
03
09
3b
5f
f8
41
f5
0b
cf
c2
7e
09
f0
09
ab
ff
f0
09
cb
ff
dd
ff
6d
00
00
f2
aa
39
5d
54
06
// frame 1020 tick 35641966 ms row 35641950 DESCENT
02
4b
47
35
4c
44
49
fc
03
f4
bf
03
09
3a
5f
f8
41
f6
0b
cf
c2
7d
09
dd
09
7a
fd
dd
09
b6
ff
c7
ff
31
00
00
fc
aa
39
5c
7c
06
// frame 1021 tick 35642166 ms row 35642126 DESCENT
02
4b
47
35
4c
44
49
fd
03
f4
bf
03
09
41
5f
f8
41
f6
0b
cf
c2
7a
09
c5
09
c8
fd
c5
09
e2
ff
bd
ff
fa
ff
00
01
ab
39
5c
a4
06
// frame 1022 tick 35642366 ms row 35642350 DESCENT
02
4b
47
35
4c
44
49
fe
03
f4
bf
03
09
3b
5f
f8
41
f2
0b
cf
c2
7a
09
b7
09
79
ff
b7
09
46
00
a9
ff
7e
ff
00
0a
ab
39
5c
cc
06
// frame 1023 tick 35642566 ms row 35642526 DESCENT
02
4b
47
35
4c
44
49
ff
03
f4
bf
03
09
46
5f
f8
41
f1
0b
cf
c2
78
09
b2
09
1a
ff
b2
09
0f
00
c5
ff
16
ff
00
13
ab
39
5c
f4
06
// frame 1024 tick 35642766 ms row 35642750 DESCENT
02
4b
47
35
4c
44
49
00
04
f4
bf
03
09
48
5f
f8
41
f0
0b
cf
c2
77
09
98
09
c9
fc
98
09
5d
00
d8
ff
cc
fe
00
20
ab
39
5d
1c
07
// frame 1025 tick 35642966 ms row 35642926 DESCENT
02
4b
47
35
4c
44
49
01
04
f4
bf
03
09
3b
5f
f8
41
f2
0b
cf
c2
6e
09
7c
09
46
fd
7c
09
be
00
eb
ff
bb
fe
00
29
ab
39
5e
44
07
// frame 1026 tick 35643166 ms row 35643150 DESCENT
02
4b
47
35
4c
44
49
02
04
f4
bf
03
09
46
5f
f8
41
ef
0b
cf
c2
6d
09
6a
09
4a
ff
6a
09
20
01
c6
ff
e8
fe
00
32
ab
39
5f
6c
07
// frame 1027 tick 35643366 ms row 35643326 DESCENT
02
4b
47
35
4c
44
49
03
04
f4
bf
03
09
45
5f
f8
41
f0
0b
cf
c2
6b
09
64
09
1b
ff
64
09
85
00
08
00
20
ff
00
3c
ab
39
60
94
07
// frame 1028 tick 35643566 ms row 35643550 DESCENT
02
4b
47
35
4c
44
49
04
04
f4
bf
03
09
43
5f
f8
41
ef
0b
cf
c2
64
09
4d
09
59
fd
4d
09
ae
00
26
00
a3
ff
00
48
ab
39
61
bc
07
// frame 1029 tick 35643766 ms row 35643726 DESCENT
02
4b
47
35
4c
44
49
05
04
f4
bf
03
09
42
5f
f8
41
ef
0b
cf
c2
60
09
35
09
bc
fd
35
09
89
00
1d
00
ef
ff
00
4d
ab
39
62
e4
07
// frame 1030 tick 35643966 ms row 35643950 DESCENT
02
4b
47
35
4c
44
49
06
04
f4
bf
03
09
57
5f
f8
41
ed
0b
cf
c2
5d
09
28
09
a6
ff
28
09
c3
00
f7
ff
28
00
00
56
ab
39
64
0c
08
// frame 1031 tick 35644166 ms row 35644126 DESCENT
02
4b
47
35
4c
44
49
07
04
f4
bf
03
09
4b
5f
f8
41
eb
0b
cf
c2
5f
09
27
09
d1
ff
27
09
e9
ff
c6
ff
28
00
00
5c
ab
39
65
34
08
// frame 1032 tick 35644366 ms row 35644350 DESCENT
02
4b
47
35
4c
44
49
08
04
f4
bf
03
09
58
5f
f8
41
e9
0b
cf
c2
5a
09
1c
09
56
fe
1c
09
d3
ff
9e
ff
01
00
00
63
ab
39
67
5c
08
// frame 1033 tick 35644566 ms row 35644526 DESCENT
02
4b
47
35
4c
44
49
09
04
f4
bf
03
09
4d
5f
f8
41
e8
0b
cf
c2
57
09
09
09
e9
fd
09
09
e4
ff
89
ff
ef
ff
00
69
ab
39
68
84
08
// frame 1034 tick 35644766 ms row 35644750 DESCENT
02
4b
47
35
4c
44
49
0a
04
f4
bf
03
09
48
5f
f8
41
e9
0b
cf
c2
51
09
f6
08
aa
fe
f6
08
b4
ff
b4
ff
03
00
00
72
ab
39
69
ac
08
// frame 1035 tick 35644966 ms row 35644926 DESCENT
02
4b
47
35
4c
44
49
0b
04
f4
bf
03
09
59
5f
f8
41
e6
0b
cf
c2
4c
09
ee
08
58
ff
ee
08
91
ff
e8
ff
1b
00
00
77
ab
39
6a
d4
08
// frame 1036 tick 35645166 ms row 35645150 DESCENT
02
4b
47
35
4c
44
49
0c
04
f4
bf
03
09
5d
5f
f8
41
e6
0b
cf
c2
4e
09
e5
08
e2
fe
e5
08
9c
ff
17
00
3f
00
00
7f
ab
39
6b
fc
08
// frame 1037 tick 35645366 ms row 35645326 DESCENT
02
4b
47
35
4c
44
49
0d
04
f4
bf
03
09
63
5f
f8
41
e6
0b
cf
c2
4a
09
d7
08
1e
fe
d7
08
d2
ff
35
00
58
00
00
86
ab
39
6c
24
09
// frame 1038 tick 35645566 ms row 35645550 DESCENT
02
4b
47
35
4c
44
49
0e
04
f4
bf
03
09
61
5f
f8
41
e5
0b
cf
c2
47
09
c0
08
41
fe
c0
08
d7
ff
27
00
66
00
00
8e
ab
39
6c
4c
09
// frame 1039 tick 35645766 ms row 35645726 DESCENT
02
4b
47
35
4c
44
49
0f
04
f4
bf
03
09
48
5f
f8
41
e5
0b
cf
c2
47
09
b4
08
fa
fe
b4
08
01
00
0d
00
67
00
00
96
ab
39
6c
74
09
// frame 1040 tick 35645966 ms row 35645950 DESCENT
02
4b
47
35
4c
44
49
10
04
f4
bf
03
09
5d
5f
f8
41
e3
0b
cf
c2
42
09
aa
08
f0
fe
aa
08
fc
ff
d3
ff
62
00
00
9e
ab
39
6c
9c
09
// frame 1041 tick 35646166 ms row 35646126 DESCENT
02
4b
47
35
4c
44
49
11
04
f4
bf
03
09
6c
5f
f8
41
e3
0b
cf
c2
3c
09
9c
08
2a
fe
9c
08
df
ff
b8
ff
59
00
00
a7
ab
39
6b
c4
09
// frame 1042 tick 35646366 ms row 35646350 DESCENT
02
4b
47
35
4c
44
49
12
04
f4
bf
03
09
65
5f
f8
41
e1
0b
cf
c2
3e
09
84
08
f5
fd
84
08
01
00
b3
ff
56
00
00
ae
ab
39
6b
ec
09
// frame 1043 tick 35646566 ms row 35646526 DESCENT
02
4b
47
35
4c
44
49
13
04
f4
bf
03
09
65
5f
f8
41
de
0b
cf
c2
3a
09
77
08
d7
fe
77
08
1f
00
c5
ff
4f
00
00
b6
ab
39
6a
14
0a
// frame 1044 tick 35646766 ms row 35646750 DESCENT
02
4b
47
35
4c
44
49
14
04
f4
bf
03
09
64
5f
f8
41
e1
0b
cf
c2
37
09
6d
08
2c
ff
6d
08
34
00
e9
ff
37
00
00
be
ab
39
69
3c
0a
// frame 1045 tick 35646966 ms row 35646926 DESCENT
02
4b
47
35
4c
44
49
15
04
f4
bf
03
09
59
5f
f8
41
e0
0b
cf
c2
3d
09
62
08
52
fe
62
08
2c
00
08
00
15
00
00
c6
ab
39
68
64
0a
// frame 1046 tick 35647166 ms row 35647150 DESCENT
02
4b
47
35
4c
44
49
16
04
f4
bf
03
09
6e
5f
f8
41
dc
0b
cf
c2
2f
09
4a
08
e3
fd
4a
08
fe
ff
0d
00
d4
ff
00
ce
ab
39
66
8c
0a
// frame 1047 tick 35647366 ms row 35647326 DESCENT
02
4b
47
35
4c
44
49
17
04
f4
bf
03
09
63
5f
f8
41
db
0b
cf
c2
2d
09
3a
08
73
fe
3a
08
f5
ff
10
00
bd
ff
00
d7
ab
39
65
b4
0a
// frame 1048 tick 35647566 ms row 35647550 DESCENT
02
4b
47
35
4c
44
49
18
04
f4
bf
03
09
65
5f
f8
41
dc
0b
cf
c2
2c
09
2d
08
24
ff
2d
08
0b
00
25
00
c5
ff
00
de
ab
39
64
dc
0a
// frame 1049 tick 35647766 ms row 35647726 DESCENT
02
4b
47
35
4c
44
49
19
04
f4
bf
03
09
69
5f
f8
41
d8
0b
cf
c2
29
09
26
08
3a
ff
26
08
0c
00
43
00
e0
ff
00
e3
ab
39
62
04
0b
// frame 1050 tick 35647966 ms row 35647950 DESCENT
02
4b
47
35
4c
44
49
1a
04
f4
bf
03
09
65
5f
f8
41
d9
0b
cf
c2
2a
09
1c
08
e6
fe
1c
08
e9
ff
5d
00
17
00
00
ec
ab
39
61
2c
0b
// frame 1051 tick 35648166 ms row 35648126 DESCENT
02
4b
47
35
4c
44
49
1b
04
f4
bf
03
09
6f
5f
f8
41
d8
0b
cf
c2
24
09
0e
08
05
fe
0e
08
f7
ff
67
00
33
00
00
f2
ab
39
5f
54
0b
// frame 1052 tick 35648366 ms row 35648350 DESCENT
02
4b
47
35
4c
44
49
1c
04
f4
bf
03
09
70
5f
f8
41
d4
0b
cf
c2
24
09
f6
07
1c
fe
f6
07
01
00
43
00
2a
00
00
fc
ab
39
5e
7c
0b
// frame 1053 tick 35648566 ms row 35648526 DESCENT
02
4b
47
35
4c
44
49
1d
04
f4
bf
03
09
6c
5f
f8
41
d8
0b
cf
c2
23
09
e8
07
b6
fe
e8
07
e0
ff
04
00
09
00
00
02
ac
39
5d
a4
0b
// frame 1054 tick 35648766 ms row 35648750 DESCENT
02
4b
47
35
4c
44
49
1e
04
f4
bf
03
09
7c
5f
f8
41
d8
0b
cf
c2
21
09
de
07
19
ff
de
07
c3
ff
d8
ff
db
ff
00
0c
ac
39
5d
cc
0b
// frame 1055 tick 35648966 ms row 35648926 DESCENT
02
4b
47
35
4c
44
49
1f
04
f4
bf
03
09
7c
5f
f8
41
d3
0b
cf
c2
17
09
d3
07
b7
fe
d3
07
d3
ff
a8
ff
d7
ff
00
12
ac
39
5c
f4
0b
// frame 1056 tick 35649166 ms row 35649150 DESCENT
02
4b
47
35
4c
44
49
20
04
f4
bf
03
09
7b
5f
f8
41
d5
0b
cf
c2
16
09
bf
07
0a
fe
bf
07
e2
ff
c0
ff
ff
ff
00
1b
ac
39
5c
1c
0c
// frame 1057 tick 35649366 ms row 35649326 DESCENT
02
4b
47
35
4c
44
49
21
04
f4
bf
03
09
6b
5f
f8
41
d1
0b
cf
c2
0e
09
af
07
73
fe
af
07
c2
ff
cf
ff
20
00
00
20
ac
39
5c
44
0c
// frame 1058 tick 35649566 ms row 35649550 DESCENT
02
4b
47
35
4c
44
49
22
04
f4
bf
03
09
7e
5f
f8
41
ce
0b
cf
c2
10
09
a2
07
02
ff
a2
07
d6
ff
cc
ff
3c
00
00
2a
ac
39
5c
6c
0c
// frame 1059 tick 35649766 ms row 35649726 DESCENT
02
4b
47
35
4c
44
49
23
04
f4
bf
03
09
7c
5f
f8
41
d1
0b
cf
c2
0e
09
96
07
7c
fe
96
07
50
00
c1
ff
3e
00
00
32
ac
39
5d
94
0c
// frame 1060 tick 35649966 ms row 35649950 DESCENT
02
4b
47
35
4c
44
49
24
04
f4
bf
03
09
8f
5f
f8
41
d1
0b
cf
c2
09
09
81
07
03
fe
81
07
4a
00
c2
ff
45
00
00
3c
ac
39
5e
bc
0c
// frame 1061 tick 35650166 ms row 35650126 DESCENT
02
4b
47
35
4c
44
49
25
04
f4
bf
03
09
81
5f
f8
41
cc
0b
cf
c2
fc
08
70
07
42
fe
70
07
62
00
df
ff
65
00
00
43
ac
39
5f
e4
0c
// frame 1062 tick 35650366 ms row 35650350 DESCENT
02
4b
47
35
4c
44
49
26
04
f4
bf
03
09
7e
5f
f8
41
d0
0b
cf
c2
02
09
61
07
f0
fe
61
07
0c
00
07
00
92
00
00
4b
ac
39
60
0c
0d
// frame 1063 tick 35650566 ms row 35650526 DESCENT
02
4b
47
35
4c
44
49
27
04
f4
bf
03
09
80
5f
f8
41
cd
0b
cf
c2
ff
08
57
07
cd
fe
57
07
1c
00
15
00
99
00
00
54
ac
39
61
34
0d
// frame 1064 tick 35650766 ms row 35650750 DESCENT
02
4b
47
35
4c
44
49
28
04
f4
bf
03
09
88
5f
f8
41
cb
0b
cf
c2
fb
08
47
07
77
fe
47
07
e5
ff
e4
ff
70
00
00
5b
ac
39
62
5c
0d
// frame 1065 tick 35650966 ms row 35650926 DESCENT
02
4b
47
35
4c
44
49
29
04
f4
bf
03
09
83
5f
f8
41
c8
0b
cf
c2
fb
08
39
07
80
fe
39
07
c6
ff
c0
ff
3c
00
00
62
ac
39
64
84
0d
// frame 1066 tick 35651166 ms row 35651150 DESCENT
02
4b
47
35
4c
44
49
2a
04
f4
bf
03
09
82
5f
f8
41
cd
0b
cf
c2
f6
08
2a
07
d2
fe
2a
07
b5
ff
9f
ff
1b
00
00
6a
ac
39
65
ac
0d
// frame 1067 tick 35651366 ms row 35651326 DESCENT
02
4b
47
35
4c
44
49
2b
04
f4
bf
03
09
94
5f
f8
41
c8
0b
cf
c2
f3
08
20
07
e1
fe
20
07
ef
ff
af
ff
3b
00
00
70
ac
39
67
d4
0d
// frame 1068 tick 35651566 ms row 35651550 DESCENT
02
4b
47
35
4c
44
49
2c
04
f4
bf
03
09
80
5f
f8
41
c3
0b
cf
c2
f2
08
12
07
9b
fe
12
07
2a
00
ec
ff
6e
00
00
78
ac
39
68
fc
0d
// frame 1069 tick 35651766 ms row 35651726 DESCENT
02
4b
47
35
4c
44
49
2d
04
f4
bf
03
09
98
5f
f8
41
c7
0b
cf
c2
f0
08
04
07
47
fe
04
07
2f
00
10
00
8a
00
00
7f
ac
39
69
14
00
// frame 1070 tick 35651966 ms row 35651950 DESCENT
02
4b
47
35
4c
44
49
2e
04
f4
bf
03
09
94
5f
f8
41
c2
0b
cf
c2
f4
08
f1
06
7d
fe
f1
06
4d
00
09
00
80
00
00
88
ac
39
6a
3c
00
// frame 1071 tick 35652166 ms row 35652126 DESCENT
02
4b
47
35
4c
44
49
2f
04
f4
bf
03
09
8d
5f
f8
41
c3
0b
cf
c2
ef
08
e5
06
cc
fe
e5
06
3d
00
f2
ff
5c
00
00
8f
ac
39
6b
64
00
// frame 1072 tick 35652366 ms row 35652350 DESCENT
02
4b
47
35
4c
44
49
30
04
f4
bf
03
09
87
5f
f8
41
c7
0b
cf
c2
e2
08
d8
06
c6
fe
d8
06
12
00
b9
ff
32
00
00
98
ac
39
6c
8c
00
// frame 1073 tick 35652566 ms row 35652526 DESCENT
02
4b
47
35
4c
44
49
31
04
f4
bf
03
09
97
5f
f8
41
c4
0b
cf
c2
e3
08
cb
06
6a
fe
cb
06
2b
00
c2
ff
3f
00
00
9e
ac
39
6c
b4
00
// frame 1074 tick 35652766 ms row 35652750 DESCENT
02
4b
47
35
4c
44
49
32
04
f4
bf
03
09
97
5f
f8
41
c3
0b
cf
c2
d8
08
b8
06
6e
fe
b8
06
11
00
13
00
a0
00
00
a7
ac
39
6c
dc
00
// frame 1075 tick 35652966 ms row 35652926 DESCENT
02
4b
47
35
4c
44
49
33
04
f4
bf
03
09
9a
5f
f8
41
c6
0b
cf
c2
e2
08
ab
06
c3
fe
ab
06
07
00
32
00
df
00
00
ae
ac
39
6c
04
01
// frame 1076 tick 35653166 ms row 35653150 DESCENT
02
4b
47
35
4c
44
49
34
04
f4
bf
03
09
97
5f
f8
41
bd
0b
cf
c2
cf
08
9b
06
92
fe
9b
06
62
00
2e
00
f0
00
00
b7
ac
39
6b
2c
01
// frame 1077 tick 35653366 ms row 35653326 DESCENT
02
4b
47
35
4c
44
49
35
04
f4
bf
03
09
94
5f
f8
41
bd
0b
cf
c2
d5
08
8e
06
7e
fe
8e
06
93
00
11
00
d2
00
00
be
ac
39
6b
54
01
// frame 1078 tick 35653566 ms row 35653550 DESCENT
02
4b
47
35
4c
44
49
36
04
f4
bf
03
09
a7
5f
f8
41
bf
0b
cf
c2
d6
08
7d
06
b0
fe
7d
06
54
00
da
ff
9b
00
00
c6
ac
39
6a
7c
01
// frame 1079 tick 35653766 ms row 35653726 DESCENT
02
4b
47
35
4c
44
49
37
04
f4
bf
03
09
ad
5f
f8
41
c0
0b
cf
c2
d0
08
72
06
d1
fe
72
06
24
00
a0
ff
7e
00
00
cd
ac
39
69
a4
01
// frame 1080 tick 35653966 ms row 35653950 DESCENT
02
4b
47
35
4c
44
49
38
04
f4
bf
03
09
a1
5f
f8
41
ba
0b
cf
c2
d1
08
66
06
fe
fe
66
06
08
00
a4
ff
84
00
00
d3
ac
39
68
cc
01
// frame 1081 tick 35654166 ms row 35654126 DESCENT
02
4b
47
35
4c
44
49
39
04
f4
bf
03
09
a4
5f
f8
41
ba
0b
cf
c2
cf
08
5d
06
10
ff
5d
06
c8
ff
b0
ff
96
00
00
d8
ac
39
66
f4
01
// frame 1082 tick 35654366 ms row 35654350 DESCENT
02
4b
47
35
4c
44
49
3a
04
f4
bf
03
09
a5
5f
f8
41
b9
0b
cf
c2
ca
08
52
06
fc
fe
52
06
9d
ff
bb
ff
b0
00
00
df
ac
39
65
1c
02
// frame 1083 tick 35654566 ms row 35654526 DESCENT
02
4b
47
35
4c
44
49
3b
04
f4
bf
03
09
b1
5f
f8
41
b9
0b
cf
c2
c7
08
48
06
dc
fe
48
06
98
ff
cc
ff
c0
00
00
e4
ac
39
64
44
02
// frame 1084 tick 35654766 ms row 35654750 DESCENT
02
4b
47
35
4c
44
49
3c
04
f4
bf
03
09
a0
5f
f8
41
b7
0b
cf
c2
cc
08
3a
06
a4
fe
3a
06
b5
ff
c3
ff
d2
00
00
eb
ac
39
62
6c
02
// frame 1085 tick 35654966 ms row 35654926 DESCENT
02
4b
47
35
4c
44
49
3d
04
f4
bf
03
09
a4
5f
f8
41
b6
0b
cf
c2
bd
08
2e
06
b4
fe
2e
06
dc
ff
b4
ff
ce
00
00
f2
ac
39
61
94
02
// frame 1086 tick 35655166 ms row 35655150 DESCENT
02
4b
47
35
4c
44
49
3e
04
f4
bf
03
09
b0
5f
f8
41
b5
0b
cf
c2
c1
08
1e
06
8e
fe
1e
06
f8
ff
c6
ff
9a
00
00
fa
ac
39
5f
bc
02
// frame 1087 tick 35655366 ms row 35655326 DESCENT
02
4b
47
35
4c
44
49
3f
04
f4
bf
03
09
b2
5f
f8
41
b7
0b
cf
c2
bf
08
10
06
44
fe
10
06
09
00
d1
ff
3d
00
00
04
ad
39
5e
e4
02
// frame 1088 tick 35655566 ms row 35655551 DESCENT
02
4b
47
35
4c
44
49
40
04
f4
bf
03
09
b8
5f
f8
41
b6
0b
cf
c2
b8
08
fc
05
3d
fe
fc
05
fc
ff
bc
ff
d4
ff
00
0e
ad
39
5d
0c
03
// frame 1089 tick 35655766 ms row 35655726 DESCENT
02
4b
47
35
4c
44
49
41
04
f4
bf
03
09
ad
5f
f8
41
b2
0b
cf
c2
bd
08
ee
05
78
fe
ee
05
10
00
d6
ff
a9
ff
00
15
ad
39
5d
34
03
// frame 1090 tick 35655966 ms row 35655950 DESCENT
02
4b
47
35
4c
44
49
42
04
f4
bf
03
09
a9
5f
f8
41
b3
0b
cf
c2
b5
08
da
05
e5
fd
da
05
55
00
d9
ff
6a
ff
00
22
ad
39
5c
5c
03
// frame 1091 tick 35656166 ms row 35656126 DESCENT
02
4b
47
35
4c
44
49
43
04
f4
bf
03
09
bf
5f
f8
41
b3
0b
cf
c2
b2
08
c7
05
20
fe
c7
05
7b
00
dc
ff
56
ff
00
28
ad
39
5c
84
03
// frame 1092 tick 35656366 ms row 35656350 DESCENT
02
4b
47
35
4c
44
49
44
04
f4
bf
03
09
b0
5f
f8
41
af
0b
cf
c2
b1
08
b9
05
06
ff
b9
05
6a
00
e8
ff
53
ff
00
33
ad
39
5c
ac
03
// frame 1093 tick 35656566 ms row 35656526 DESCENT
02
4b
47
35
4c
44
49
45
04
f4
bf
03
09
c0
5f
f8
41
af
0b
cf
c2
a7
08
ad
05
50
fe
ad
05
6a
00
f7
ff
68
ff
00
3a
ad
39
5c
d4
03
// frame 1094 tick 35656766 ms row 35656750 DESCENT
02
4b
47
35
4c
44
49
46
04
f4
bf
03
09
af
5f
f8
41
ae
0b
cf
c2
a9
08
96
05
f7
fd
96
05
83
00
26
00
8a
ff
00
42
ad
39
5d
fc
03
// frame 1095 tick 35656966 ms row 35656926 DESCENT
02
4b
47
35
4c
44
49
47
04
f4
bf
03
09
c8
5f
f8
41
ac
0b
cf
c2
9d
08
88
05
87
fe
88
05
4e
00
45
00
93
ff
00
4b
ad
39
5e
24
04
// frame 1096 tick 35657166 ms row 35657150 DESCENT
02
4b
47
35
4c
44
49
48
04
f4
bf
03
09
b6
5f
f8
41
af
0b
cf
c2
98
08
77
05
84
fe
77
05
af
ff
32
00
77
ff
00
54
ad
39
5f
4c
04
// frame 1097 tick 35657366 ms row 35657326 DESCENT
02
4b
47
35
4c
44
49
49
04
f4
bf
03
09
b4
5f
f8
41
aa
0b
cf
c2
9e
08
69
05
77
fe
69
05
b5
ff
32
00
50
ff
00
5a
ad
39
60
74
04
// frame 1098 tick 35657566 ms row 35657550 DESCENT
02
4b
47
35
4c
44
49
4a
04
f4
bf
03
09
c7
5f
f8
41
ab
0b
cf
c2
98
08
56
05
4a
fe
56
05
08
00
36
00
2d
ff
00
65
ad
39
61
9c
04
// frame 1099 tick 35657766 ms row 35657726 DESCENT
02
4b
47
35
4c
44
49
4b
04
f4
bf
03
09
c3
5f
f8
41
ab
0b
cf
c2
96
08
48
05
96
fe
48
05
57
00
37
00
36
ff
00
6d
ad
39
62
c4
04
// frame 1100 tick 35657966 ms row 35657950 DESCENT
02
4b
47
35
4c
44
49
4c
04
f4
bf
03
09
c0
5f
f8
41
aa
0b
cf
c2
87
08
38
05
a9
fe
38
05
20
00
41
00
71
ff
00
74
ad
39
64
ec
04
// frame 1101 tick 35658166 ms row 35658126 DESCENT
02
4b
47
35
4c
44
49
4d
04
f4
bf
03
09
c7
5f
f8
41
a8
0b
cf
c2
8b
08
2d
05
a0
fe
2d
05
42
00
3b
00
a7
ff
00
7d
ad
39
65
14
05
// frame 1102 tick 35658366 ms row 35658350 DESCENT
02
4b
47
35
4c
44
49
4e
04
f4
bf
03
09
ca
5f
f8
41
a7
0b
cf
c2
88
08
1b
05
53
fe
1b
05
5a
00
07
00
d8
ff
00
87
ad
39
67
3c
05
// frame 1103 tick 35658566 ms row 35658526 DESCENT
02
4b
47
35
4c
44
49
4f
04
f4
bf
03
09
ca
5f
f8
41
a6
0b
cf
c2
82
08
0c
05
5b
fe
0c
05
32
00
bc
ff
ed
ff
00
8d
ad
39
68
64
05
// frame 1104 tick 35658766 ms row 35658750 DESCENT
02
4b
47
35
4c
44
49
50
04
f4
bf
03
09
cb
5f
f8
41
a6
0b
cf
c2
85
08
ff
04
23
ff
ff
04
df
ff
23
ff
17
00
00
93
ad
39
69
8c
05
// frame 1105 tick 35658966 ms row 35658926 DESCENT
02
4b
47
35
4c
44
49
51
04
f4
bf
03
09
d2
5f
f8
41
a6
0b
cf
c2
8a
08
f7
04
f1
fe
f7
04
b4
ff
39
ff
71
00
00
9c
ad
39
6a
b4
05
// frame 1106 tick 35659166 ms row 35659150 DESCENT
02
4b
47
35
4c
44
49
52
04
f4
bf
03
09
d2
5f
f8
41
a4
0b
cf
c2
82
08
e7
04
8e
fe
e7
04
0a
00
51
ff
fc
00
00
a4
ad
39
6b
dc
05
// frame 1107 tick 35659366 ms row 35659326 DESCENT
02
4b
47
35
4c
44
49
53
04
f4
bf
03
09
df
5f
f8
41
a0
0b
cf
c2
83
08
d7
04
d1
fd
d7
04
33
00
74
ff
39
01
00
ae
ad
39
6c
04
06
// frame 1108 tick 35659566 ms row 35659550 DESCENT
02
4b
47
35
4c
44
49
54
04
f4
bf
03
09
cf
5f
f8
41
a1
0b
cf
c2
79
08
b8
04
64
fd
b8
04
88
00
99
ff
58
01
00
b9
ad
39
6c
2c
06
// frame 1109 tick 35659766 ms row 35659726 DESCENT
02
4b
47
35
4c
44
49
55
04
f4
bf
03
09
dd
5f
f8
41
9e
0b
cf
c2
76
08
a7
04
a0
fe
a7
04
35
00
a7
ff
39
01
00
c1
ad
39
6c
54
06
// frame 1110 tick 35659966 ms row 35659950 DESCENT
02
4b
47
35
4c
44
49
56
04
f4
bf
03
09
cd
5f
f8
41
9f
0b
cf
c2
73
08
9e
04
5f
ff
9e
04
1b
00
a0
ff
f8
00
00
cc
ad
39
6c
7c
06
// frame 1111 tick 35660166 ms row 35660126 DESCENT
02
4b
47
35
4c
44
49
57
04
f4
bf
03
09
cf
5f
f8
41
9d
0b
cf
c2
74
08
94
04
83
fe
94
04
e4
ff
bc
ff
c8
00
00
d2
ad
39
6b
a4
06
// frame 1112 tick 35660366 ms row 35660350 DESCENT
02
4b
47
35
4c
44
49
58
04
f4
bf
03
09
cd
5f
f8
41
a1
0b
cf
c2
6a
08
7b
04
75
fd
7b
04
8e
ff
d6
ff
81
00
00
dc
ad
39
6b
cc
06
// frame 1113 tick 35660566 ms row 35660526 DESCENT
02
4b
47
35
4c
44
49
59
04
f4
bf
03
09
df
5f
f8
41
9e
0b
cf
c2
67
08
66
04
0a
fe
66
04
73
ff
f7
ff
43
00
00
e4
ad
39
6a
f4
06
// frame 1114 tick 35660766 ms row 35660750 DESCENT
02
4b
47
35
4c
44
49
5a
04
f4
bf
03
09
df
5f
f8
41
9f
0b
cf
c2
6b
08
5b
04
99
ff
5b
04
7b
ff
2f
00
fb
ff
00
ec
ad
39
69
1c
07
// frame 1115 tick 35660966 ms row 35660926 DESCENT
02
4b
47
35
4c
44
49
5b
04
f4
bf
03
09
e5
5f
f8
41
97
0b
cf
c2
65
08
5a
04
0b
00
5a
04
6e
ff
63
00
d3
ff
00
ed
ad
39
68
44
07
// frame 1116 tick 35661166 ms row 35661150 DESCENT
02
4b
47
35
4c
44
49
5c
04
f4
bf
03
09
de
5f
f8
41
96
0b
cf
c2
5c
08
53
04
5d
fe
53
04
7d
ff
99
00
aa
ff
00
f8
ad
39
66
6c
07
// frame 1117 tick 35661366 ms row 35661326 DESCENT
02
4b
47
35
4c
44
49
5d
04
f4
bf
03
09
ed
5f
f8
41
93
0b
cf
c2
67
08
3f
04
cd
fd
3f
04
c1
ff
7e
00
8b
ff
00
fb
ad
39
65
94
07
// frame 1118 tick 35661566 ms row 35661550 DESCENT
02
4b
47
35
4c
44
49
5e
04
f4
bf
03
09
dd
5f
f8
41
94
0b
cf
c2
5d
08
2a
04
72
fe
2a
04
dc
ff
72
00
45
ff
00
06
ae
39
64
bc
07
// frame 1119 tick 35661766 ms row 35661726 DESCENT
02
4b
47
35
4c
44
49
5f
04
f4
bf
03
09
ec
5f
f8
41
96
0b
cf
c2
5a
08
1c
04
33
fe
1c
04
db
ff
62
00
07
ff
00
13
ae
39
62
e4
07
// frame 1120 tick 35661966 ms row 35661950 DESCENT
02
4b
47
35
4c
44
49
60
04
f4
bf
03
09
e8
5f
f8
41
97
0b
cf
c2
58
08
03
04
8d
fd
03
04
af
ff
40
00
d0
fe
00
1f
ae
39
61
0c
08
// frame 1121 tick 35662166 ms row 35662126 DESCENT
02
4b
47
35
4c
44
49
61
04
f4
bf
03
09
e1
5f
f8
41
91
0b
cf
c2
51
08
f1
03
75
fe
f1
03
b6
ff
29
00
d7
fe
00
24
ae
39
5f
34
08
// frame 1122 tick 35662366 ms row 35662350 DESCENT
02
4b
47
35
4c
44
49
62
04
f4
bf
03
09
e5
5f
f8
41
93
0b
cf
c2
4f
08
e2
03
9f
fe
e2
03
c2
ff
35
00
11
ff
00
2f
ae
39
5e
5c
08
// frame 1123 tick 35662566 ms row 35662526 DESCENT
02
4b
47
35
4c
44
49
63
04
f4
bf
03
09
e9
5f
f8
41
96
0b
cf
c2
4a
08
d3
03
0c
fe
d3
03
c3
ff
35
00
32
ff
00
39
ae
39
5d
84
08
// frame 1124 tick 35662766 ms row 35662750 DESCENT
02
4b
47
35
4c
44
49
64
04
f4
bf
03
09
f2
5f
f8
41
8d
0b
cf
c2
46
08
ba
03
d6
fd
ba
03
cd
ff
de
ff
54
ff
00
46
ae
39
5d
ac
08
// frame 1125 tick 35662966 ms row 35662926 DESCENT
02
4b
47
35
4c
44
49
65
04
f4
bf
03
09
f0
5f
f8
41
91
0b
cf
c2
46
08
a9
03
6a
fe
a9
03
4d
00
97
ff
83
ff
00
4c
ae
39
5c
d4
08
// frame 1126 tick 35663166 ms row 35663150 DESCENT
02
4b
47
35
4c
44
49
66
04
f4
bf
03
09
f4
5f
f8
41
8e
0b
cf
c2
3e
08
9a
03
a9
fe
9a
03
9b
00
ac
ff
11
00
00
58
ae
39
5c
fc
08
// frame 1127 tick 35663366 ms row 35663326 DESCENT
02
4b
47
35
4c
44
49
67
04
f4
bf
03
09
fb
5f
f8
41
8e
0b
cf
c2
40
08
8d
03
88
fe
8d
03
1a
00
c5
ff
94
00
00
5f
ae
39
5c
24
09
// frame 1128 tick 35663566 ms row 35663550 DESCENT
02
4b
47
35
4c
44
49
68
04
f4
bf
03
09
f4
5f
f8
41
8c
0b
cf
c2
3e
08
7a
03
55
fe
7a
03
f3
ff
ad
ff
dc
00
00
67
ae
39
5c
4c
09
// frame 1129 tick 35663766 ms row 35663726 DESCENT
02
4b
47
35
4c
44
49
69
04
f4
bf
03
09
ff
5f
f8
41
8c
0b
cf
c2
3b
08
71
03
93
ff
71
03
24
00
8a
ff
9a
00
00
69
ae
39
5d
74
09
// frame 1130 tick 35663966 ms row 35663950 DESCENT
02
4b
47
35
4c
44
49
6a
04
f4
bf
03
09
f8
5f
f8
41
8e
0b
cf
c2
34
08
6a
03
c4
fe
6a
03
c7
ff
9e
ff
6a
00
00
75
ae
39
5e
9c
09
// frame 1131 tick 35664166 ms row 35664126 DESCENT
02
4b
47
35
4c
44
49
6b
04
f4
bf
03
09
02
60
f8
41
88
0b
cf
c2
30
08
57
03
4e
fd
57
03
a0
ff
94
ff
79
00
00
7f
ae
39
5f
c4
09
// frame 1132 tick 35664366 ms row 35664350 DESCENT
02
4b
47
35
4c
44
49
6c
04
f4
bf
03
09
fd
5f
f8
41
8a
0b
cf
c2
31
08
38
03
f3
fd
38
03
f9
ff
c4
ff
b3
00
00
86
ae
39
60
ec
09
// frame 1133 tick 35664566 ms row 35664528 DESCENT
02
4b
47
35
4c
44
49
6d
04
f4
bf
03
09
06
60
f8
41
87
0b
cf
c2
2e
08
2d
03
4b
ff
2d
03
51
00
bc
ff
f4
00
00
8e
ae
39
61
14
0a
// frame 1134 tick 35664766 ms row 35664750 DESCENT
02
4b
47
35
4c
44
49
6e
04
f4
bf
03
09
ff
5f
f8
41
88
0b
cf
c2
28
08
24
03
dc
fe
24
03
bd
00
98
ff
3f
01
00
98
ae
39
62
3c
0a
// frame 1135 tick 35664966 ms row 35664926 DESCENT
02
4b
47
35
4c
44
49
6f
04
f4
bf
03
09
08
60
f8
41
87
0b
cf
c2
2b
08
12
03
45
fd
12
03
95
00
83
ff
4e
01
00
a4
ae
39
64
64
0a
// frame 1136 tick 35665166 ms row 35665150 DESCENT
02
4b
47
35
4c
44
49
70
04
f4
bf
03
09
07
60
f8
41
82
0b
cf
c2
1e
08
f3
02
d7
fd
f3
02
83
00
c0
ff
dd
00
00
af
ae
39
65
8c
0a
// frame 1137 tick 35665366 ms row 35665326 DESCENT
02
4b
47
35
4c
44
49
71
04
f4
bf
03
09
0e
60
f8
41
84
0b
cf
c2
1f
08
e6
02
08
ff
e6
02
37
00
ed
ff
55
00
00
b5
ae
39
67
b4
0a
// frame 1138 tick 35665566 ms row 35665550 DESCENT
02
4b
47
35
4c
44
49
72
04
f4
bf
03
09
0f
60
f8
41
85
0b
cf
c2
14
08
dd
02
1a
ff
dd
02
08
00
e7
ff
fa
ff
00
c0
ae
39
68
dc
0a
// frame 1139 tick 35665766 ms row 35665726 DESCENT
02
4b
47
35
4c
44
49
73
04
f4
bf
03
09
fd
5f
f8
41
80
0b
cf
c2
17
08
d2
02
67
fe
d2
02
04
00
21
00
f3
ff
00
c5
ae
39
69
04
0b
// frame 1140 tick 35665966 ms row 35665950 DESCENT
02
4b
47
35
4c
44
49
74
04
f4
bf
03
09
0e
60
f8
41
83
0b
cf
c2
18
08
bb
02
e9
fd
bb
02
e3
ff
18
00
f9
ff
00
d0
ae
39
6a
2c
0b
// frame 1141 tick 35666166 ms row 35666126 DESCENT
02
4b
47
35
4c
44
49
75
04
f4
bf
03
09
15
60
f8
41
80
0b
cf
c2
0b
08
aa
02
5e
fe
aa
02
a1
ff
11
00
01
00
00
d6
ae
39
6b
54
0b
// frame 1142 tick 35666366 ms row 35666350 DESCENT
02
4b
47
35
4c
44
49
76
04
f4
bf
03
09
05
60
f8
41
81
0b
cf
c2
0c
08
a4
02
1c
00
a4
02
92
ff
02
00
02
00
00
db
ae
39
6c
7c
0b
// frame 1143 tick 35666566 ms row 35666526 DESCENT
02
4b
47
35
4c
44
49
77
04
f4
bf
03
09
01
60
f8
41
81
0b
cf
c2
0e
08
a2
02
66
ff
a2
02
c9
ff
e4
ff
f1
ff
00
e0
ae
39
6c
a4
0b
// frame 1144 tick 35666766 ms row 35666750 DESCENT
02
4b
47
35
4c
44
49
78
04
f4
bf
03
09
18
60
f8
41
7f
0b
cf
c2
0b
08
8e
02
ae
fd
8e
02
14
00
bd
ff
8f
ff
00
ea
ae
39
6c
cc
0b
// frame 1145 tick 35666966 ms row 35666926 DESCENT
02
4b
47
35
4c
44
49
79
04
f4
bf
03
09
15
60
f8
41
7e
0b
cf
c2
00
08
79
02
a7
fd
79
02
de
ff
ab
ff
4f
ff
00
f4
ae
39
6c
f4
0b
// frame 1146 tick 35667166 ms row 35667150 DESCENT
02
4b
47
35
4c
44
49
7a
04
f4
bf
03
09
1e
60
f8
41
7a
0b
cf
c2
fe
07
62
02
72
fe
62
02
31
00
e7
ff
4f
ff
00
fe
ae
39
6b
1c
0c
// frame 1147 tick 35667366 ms row 35667326 DESCENT
02
4b
47
35
4c
44
49
7b
04
f4
bf
03
09
19
60
f8
41
7a
0b
cf
c2
fb
07
57
02
bc
fe
57
02
54
00
f6
ff
75
ff
00
08
af
39
6b
44
0c
// frame 1148 tick 35667566 ms row 35667550 DESCENT
02
4b
47
35
4c
44
49
7c
04
f4
bf
03
09
1b
60
f8
41
77
0b
cf
c2
fd
07
46
02
55
fe
46
02
86
00
17
00
d1
ff
00
10
af
39
6a
6c
0c
// frame 1149 tick 35667766 ms row 35667726 DESCENT
02
4b
47
35
4c
44
49
7d
04
f4
bf
03
09
1f
60
f8
41
7b
0b
cf
c2
02
08
36
02
43
fe
36
02
21
00
04
00
14
00
00
17
af
39
69
94
0c
// frame 1150 tick 35667966 ms row 35667950 DESCENT
02
4b
47
35
4c
44
49
7e
04
f4
bf
03
09
20
60
f8
41
72
0b
cf
c2
f5
07
24
02
76
fe
24
02
1d
00
bd
ff
43
00
00
22
af
39
68
bc
0c
// frame 1151 tick 35668166 ms row 35668126 DESCENT
02
4b
47
35
4c
44
49
7f
04
f4
bf
03
09
21
60
f8
41
7a
0b
cf
c2
f3
07
16
02
6d
fe
16
02
29
00
aa
ff
58
00
00
29
af
39
66
e4
0c
// frame 1152 tick 35668366 ms row 35668350 DESCENT
02
4b
47
35
4c
44
49
80
04
f4
bf
03
09
2d
60
f8
41
74
0b
cf
c2
e9
07
05
02
e2
fe
05
02
47
00
9b
ff
7a
00
00
2f
af
39
65
0c
0d
// frame 1153 tick 35668566 ms row 35668526 DESCENT
02
4b
47
35
4c
44
49
81
04
f4
bf
03
09
27
60
f8
41
78
0b
cf
c2
ea
07
00
02
8f
ff
00
02
eb
ff
9b
ff
92
00
00
35
af
39
64
34
0d
// frame 1154 tick 35668766 ms row 35668750 DESCENT
02
4b
47
35
4c
44
49
82
04
f4
bf
03
09
2d
60
f8
41
75
0b
cf
c2
ec
07
f2
01
2b
fe
f2
01
fb
ff
ca
ff
9b
00
00
3e
af
39
62
5c
0d
// frame 1155 tick 35668966 ms row 35668926 DESCENT
02
4b
47
35
4c
44
49
83
04
f4
bf
03
09
24
60
f8
41
72
0b
cf
c2
e8
07
de
01
8d
fd
de
01
3f
00
e7
ff
7c
00
00
49
af
39
61
84
0d
// frame 1156 tick 35669166 ms row 35669150 DESCENT
02
4b
47
35
4c
44
49
84
04
f4
bf
03
09
2f
60
f8
41
74
0b
cf
c2
db
07
c5
01
28
fe
c5
01
47
00
e5
ff
22
00
00
52
af
39
5f
ac
0d
// frame 1157 tick 35669366 ms row 35669326 DESCENT
02
4b
47
35
4c
44
49
85
04
f4
bf
03
09
2b
60
f8
41
72
0b
cf
c2
e2
07
b9
01
ff
fe
b9
01
54
00
e5
ff
e8
ff
00
5a
af
39
5e
d4
0d
// frame 1158 tick 35669566 ms row 35669550 DESCENT
02
4b
47
35
4c
44
49
86
04
f4
bf
03
09
2d
60
f8
41
74
0b
cf
c2
dc
07
b0
01
0a
ff
b0
01
ef
ff
db
ff
c1
ff
00
62
af
39
5d
fc
0d
// frame 1159 tick 35669766 ms row 35669727 DESCENT
02
4b
47
35
4c
44
49
87
04
f4
bf
03
09
25
60
f8
41
71
0b
cf
c2
dd
07
a3
01
f9
fd
a3
01
23
00
d7
ff
90
ff
00
6c
af
39
5d
14
00
// frame 1160 tick 35669966 ms row 35669950 DESCENT
02
4b
47
35
4c
44
49
88
04
f4
bf
03
09
2e
60
f8
41
6d
0b
cf
c2
d2
07
86
01
bb
fd
86
01
34
00
d7
ff
61
ff
00
74
af
39
5c
3c
00
// frame 1161 tick 35670166 ms row 35670126 DESCENT
02
4b
47
35
4c
44
49
89
04
f4
bf
03
09
38
60
f8
41
6d
0b
cf
c2
d6
07
77
01
bf
fe
77
01
3b
00
e1
ff
4d
ff
00
7e
af
39
5c
64
00
// frame 1162 tick 35670366 ms row 35670350 DESCENT
02
4b
47
35
4c
44
49
8a
04
f4
bf
03
09
2b
60
f8
41
71
0b
cf
c2
ca
07
6c
01
fc
fe
6c
01
4c
00
07
00
58
ff
00
88
af
39
5c
8c
00
// frame 1163 tick 35670566 ms row 35670526 DESCENT
02
4b
47
35
4c
44
49
8b
04
f4
bf
03
09
2c
60
f8
41
6d
0b
cf
c2
d1
07
5f
01
2d
fe
5f
01
7e
00
36
00
70
ff
00
91
af
39
5c
b4
00
// frame 1164 tick 35670766 ms row 35670750 DESCENT
02
4b
47
35
4c
44
49
8c
04
f4
bf
03
09
41
60
f8
41
6a
0b
cf
c2
cb
07
47
01
ef
fd
47
01
95
00
54
00
95
ff
00
99
af
39
5d
dc
00
// frame 1165 tick 35670966 ms row 35670926 DESCENT
02
4b
47
35
4c
44
49
8d
04
f4
bf
03
09
3b
60
f8
41
6f
0b
cf
c2
c7
07
39
01
d5
fe
39
01
b4
00
6a
00
9e
ff
00
a0
af
39
5e
04
01
// frame 1166 tick 35671166 ms row 35671150 DESCENT
02
4b
47
35
4c
44
49
8e
04
f4
bf
03
09
34
60
f8
41
66
0b
cf
c2
c1
07
2e
01
07
ff
2e
01
07
00
18
00
98
ff
00
aa
af
39
5f
2c
01
// frame 1167 tick 35671366 ms row 35671326 DESCENT
02
4b
47
35
4c
44
49
8f
04
f4
bf
03
09
31
60
f8
41
6c
0b
cf
c2
c7
07
21
01
25
fe
21
01
e4
ff
ee
ff
8e
ff
00
b1
af
39
60
54
01
// frame 1168 tick 35671566 ms row 35671550 DESCENT
02
4b
47
35
4c
44
49
90
04
f4
bf
03
0a
32
60
f8
41
67
0b
cf
c2
bb
07
09
01
06
fe
09
01
28
00
bf
ff
9d
ff
00
ba
af
39
61
7c
01
// frame 1169 tick 35671766 ms row 35671726 DESCENT
02
4b
47
35
4c
44
49
91
04
f4
bf
03
0a
49
60
f8
41
63
0b
cf
c2
bb
07
fb
00
aa
fe
fb
00
1e
00
c6
ff
c5
ff
00
c3
af
39
62
a4
01
// frame 1170 tick 35671966 ms row 35671950 DESCENT
02
4b
47
35
4c
44
49
92
04
f4
bf
03
0a
49
60
f8
41
62
0b
cf
c2
ba
07
eb
00
93
fe
eb
00
0f
00
c6
ff
15
00
00
cc
af
39
64
cc
01
// frame 1171 tick 35672166 ms row 35672126 DESCENT
02
4b
47
35
4c
44
49
93
04
f4
bf
03
0a
4c
60
f8
41
63
0b
cf
c2
b3
07
e1
00
fe
fe
e1
00
42
00
d2
ff
48
00
00
d1
af
39
65
f4
01
// frame 1172 tick 35672366 ms row 35672350 DESCENT
02
4b
47
35
4c
44
49
94
04
f4
bf
03
0a
44
60
f8
41
63
0b
cf
c2
b5
07
d8
00
30
ff
d8
00
c7
00
de
ff
5d
00
00
da
af
39
67
1c
02
// frame 1173 tick 35672566 ms row 35672528 DESCENT
02
4b
47
35
4c
44
49
95
04
f4
bf
03
0b
3f
60
f8
41
63
0b
cf
c2
ac
07
cc
00
14
fe
cc
00
8f
00
e3
ff
4d
00
00
e2
af
39
68
44
02
// frame 1174 tick 35672766 ms row 35672750 DESCENT
02
4b
47
35
4c
44
49
96
04
f4
bf
03
0b
52
60
f8
41
5e
0b
cf
c2
ab
07
b0
00
62
fd
b0
00
4e
00
04
00
2b
00
00
ed
af
39
69
6c
02
// frame 1175 tick 35672966 ms row 35672926 DESCENT
02
4b
47
35
4c
44
49
97
04
f4
bf
03
0b
4e
60
f8
41
5d
0b
cf
c2
aa
07
9d
00
8b
fe
9d
00
25
00
04
00
0a
00
00
f2
af
39
6a
94
02
// frame 1176 tick 35673166 ms row 35673151 DESCENT
02
4b
47
35
4c
44
49
98
04
f4
bf
03
0b
50
60
f8
41
60
0b
cf
c2
a1
07
97
00
c9
ff
97
00
11
00
f2
ff
ec
ff
00
fa
af
39
6b
bc
02
// frame 1177 tick 35673366 ms row 35673326 DESCENT
02
4b
47
35
4c
44
49
99
04
f4
bf
03
0b
50
60
f8
41
5b
0b
cf
c2
a1
07
91
00
da
fe
91
00
06
00
dc
ff
eb
ff
00
03
b0
39
6c
e4
02
// frame 1178 tick 35673566 ms row 35673550 DESCENT
02
4b
47
35
4c
44
49
9a
04
f4
bf
03
0b
49
60
f8
41
5e
0b
cf
c2
9f
07
78
00
36
fd
78
00
90
ff
d2
ff
00
00
00
0d
b0
39
6c
0c
03
// frame 1179 tick 35673766 ms row 35673726 DESCENT
02
4b
47
35
4c
44
49
9b
04
f4
bf
03
0b
4c
60
f8
41
5c
0b
cf
c2
98
07
60
00
a0
fd
60
00
29
00
df
ff
1d
00
00
14
b0
39
6c
34
03
// frame 1180 tick 35673966 ms row 35673950 DESCENT
02
4b
47
35
4c
44
49
9c
04
f4
bf
03
0b
55
60
f8
41
5a
0b
cf
c2
9b
07
50
00
65
ff
50
00
6f
00
07
00
2a
00
00
1e
b0
39
6c
5c
03
// frame 1181 tick 35674166 ms row 35674126 DESCENT
02
4b
47
35
4c
44
49
9d
04
f4
bf
03
0b
54
60
f8
41
5d
0b
cf
c2
97
07
4d
00
9b
ff
4d
00
48
00
28
00
26
00
00
24
b0
39
6b
84
03
// frame 1182 tick 35674366 ms row 35674350 DESCENT
02
4b
47
35
4c
44
49
9e
04
f4
bf
03
0b
58
60
f8
41
5b
0b
cf
c2
96
07
41
00
58
fe
41
00
4d
00
64
00
11
00
00
2d
b0
39
6b
ac
03
// frame 1183 tick 35674566 ms row 35674526 DESCENT
02
4b
47
35
4c
44
49
9f
04
f4
bf
03
0b
60
60
f8
41
59
0b
cf
c2
8e
07
2f
00
ff
fd
2f
00
6f
00
91
00
f5
ff
00
32
b0
39
6a
d4
03
// frame 1184 tick 35674766 ms row 35674750 DESCENT
02
4b
47
35
4c
44
49
a0
04
f4
bf
03
0b
59
60
f8
41
55
0b
cf
c2
8e
07
20
00
4c
ff
20
00
46
00
78
00
e7
ff
00
37
b0
39
69
fc
03
// frame 1185 tick 35674966 ms row 35674926 DESCENT
02
4b
47
35
4c
44
49
a1
04
f4
bf
03
0b
5e
60
f8
41
59
0b
cf
c2
92
07
1e
00
f3
ff
1e
00
2c
00
79
00
df
ff
00
3e
b0
39
68
24
04
// frame 1186 tick 35675166 ms row 35675150 DESCENT
02
4b
47
35
4c
44
49
a2
04
f4
bf
03
0b
60
60
f8
41
55
0b
cf
c2
87
07
16
00
b1
fe
16
00
f8
ff
67
00
e0
ff
00
43
b0
39
66
4c
04
// frame 1187 tick 35675366 ms row 35675326 DESCENT
02
4b
47
35
4c
44
49
a3
04
f4
bf
03
0b
62
60
f8
41
53
0b
cf
c2
89
07
06
00
41
ff
06
00
ff
7f
74
19
1c
fe
00
42
b0
39
65
74
04
// frame 1188 tick 35675566 ms row 35675550 DESCENT
02
4b
47
35
4c
44
49
a4
04
f4
bf
03
0b
63
60
f8
41
54
0b
cf
c2
87
07
f3
ff
0c
ff
f3
ff
95
fe
5d
01
f2
00
00
51
b0
39
64
9c
04
// frame 1189 tick 35675766 ms row 35675726 DESCENT
02
4b
47
35
4c
44
49
a5
04
f4
bf
03
0b
5e
60
f8
41
50
0b
cf
c2
84
07
f1
ff
10
00
f1
ff
77
fd
4b
01
09
00
00
52
b0
39
62
c4
04
// frame 1190 tick 35675966 ms row 35675950 DESCENT
02
4b
47
35
4c
44
49
a6
04
f4
bf
03
0b
61
60
f8
41
4f
0b
cf
c2
8d
07
f5
ff
98
00
fa
ff
82
ff
74
03
e8
ff
00
59
b0
39
61
ec
04
// frame 1191 tick 35676166 ms row 35676126 DESCENT
02
4b
47
35
4c
44
49
a7
04
f4
bf
03
0b
62
60
f8
41
52
0b
cf
c2
8b
07
ee
ff
60
fe
ee
ff
25
ff
39
03
fc
ff
00
5a
b0
39
5f
14
05
// frame 1192 tick 35676366 ms row 35676350 DESCENT
02
4b
47
35
4c
44
49
a8
04
f4
bf
03
0b
67
60
f8
41
51
0b
cf
c2
7e
07
dd
ff
12
ff
dd
ff
b7
ff
7f
03
06
00
00
5a
b0
39
5e
3c
05
// frame 1193 tick 35676566 ms row 35676526 DESCENT
02
4b
47
35
4c
44
49
a9
04
f4
bf
03
0b
66
60
f8
41
4e
0b
cf
c2
7e
07
df
ff
08
01
ed
ff
f8
ff
8b
03
04
00
00
5a
b0
39
5d
64
05
// frame 1194 tick 35676766 ms row 35676750 DESCENT
02
4b
47
35
4c
44
49
aa
04
f4
bf
03
0a
6d
60
f8
41
4d
0b
cf
c2
82
07
ef
ff
3a
01
03
00
f1
ff
82
03
04
00
00
59
b0
39
5d
8c
05
// frame 1195 tick 35676966 ms row 35676926 DESCENT
02
4b
47
35
4c
44
49
ab
04
f4
bf
03
0a
6c
60
f8
41
48
0b
cf
c2
8f
07
f2
ff
86
ff
f2
ff
da
ff
5a
03
06
00
00
5a
b0
39
5c
b4
05
// frame 1196 tick 35677166 ms row 35677150 DESCENT
02
4b
47
35
4c
44
49
ac
04
f4
bf
03
0a
72
60
f8
41
4a
0b
cf
c2
88
07
e5
ff
da
fe
e5
ff
0c
00
7b
03
f3
ff
00
5a
b0
39
5c
dc
05
// frame 1197 tick 35677366 ms row 35677326 DESCENT
02
4b
47
35
4c
44
49
ad
04
f4
bf
03
0a
6e
60
f8
41
4a
0b
cf
c2
81
07
e0
ff
ff
ff
e0
ff
5e
00
68
03
b2
ff
00
5b
b0
39
5c
04
06
// frame 1198 tick 35677566 ms row 35677550 DESCENT
02
4b
47
35
4c
44
49
ae
04
f4
bf
03
0a
6f
60
f8
41
48
0b
cf
c2
7e
07
e9
ff
f2
00
f4
ff
b2
00
4d
04
14
ff
00
5a
b0
39
5c
2c
06
// frame 1199 tick 35677766 ms row 35677726 DESCENT
02
4b
47
35
4c
44
49
af
04
f4
bf
03
0a
71
60
f8
41
4c
0b
cf
c2
84
07
ee
ff
30
00
ee
ff
e5
ff
e5
03
a0
ff
00
59
b0
39
5d
54
06
// frame 1200 tick 35677966 ms row 35677950 DESCENT
02
4b
47
35
4c
44
49
b0
04
f4
bf
03
0a
84
60
f8
41
49
0b
cf
c2
7f
07
e9
ff
4e
ff
e9
ff
ee
ff
a6
03
fb
ff
00
5b
b0
39
5e
7c
06
// frame 1201 tick 35678166 ms row 35678126 DESCENT
02
4b
47
35
4c
44
49
b1
04
f4
bf
03
0a
79
60
f8
41
46
0b
cf
c2
83
07
e4
ff
9b
ff
e4
ff
12
00
a8
03
03
00
00
5a
b0
39
5f
a4
06
// frame 1202 tick 35678366 ms row 35678350 DESCENT
02
4b
47
35
4c
44
49
b2
04
f4
bf
03
0b
7c
60
f8
41
43
0b
cf
c2
7d
07
e5
ff
78
00
e8
ff
00
00
8d
03
04
00
00
59
b0
39
60
cc
06
// frame 1203 tick 35678566 ms row 35678526 DESCENT
02
4b
47
35
4c
44
49
b3
04
f4
bf
03
0b
74
60
f8
41
42
0b
cf
c2
87
07
e9
ff
52
00
ea
ff
05
00
95
03
04
00
00
5b
b0
39
61
f4
06
// frame 1204 tick 35678766 ms row 35678750 DESCENT
02
4b
47
35
4c
44
49
b4
04
f4
bf
03
0b
82
60
f8
41
45
0b
cf
c2
80
07
e9
ff
c7
ff
e9
ff
03
00
94
03
04
00
00
5a
b0
39
62
1c
07
// frame 1205 tick 35678966 ms row 35678926 DESCENT
02
4b
47
35
4c
44
49
b5
04
f4
bf
03
0b
80
60
f8
41
41
0b
cf
c2
7c
07
e6
ff
be
ff
e6
ff
04
00
8e
03
04
00
00
5a
b0
39
64
44
07
// frame 1206 tick 35679166 ms row 35679150 DESCENT
02
4b
47
35
4c
44
49
b6
04
f4
bf
03
0b
83
60
f8
41
3f
0b
cf
c2
85
07
e6
ff
25
00
e6
ff
07
00
97
03
04
00
00
5b
b0
39
65
6c
07
// frame 1207 tick 35679366 ms row 35679326 DESCENT
02
4b
47
35
4c
44
49
b7
04
f4
bf
03
0b
87
60
f8
41
41
0b
cf
c2
79
07
e7
ff
29
00
e8
ff
05
00
94
03
05
00
00
5a
b0
39
67
94
07
// frame 1208 tick 35679566 ms row 35679550 DESCENT
02
4b
47
35
4c
44
49
b8
04
f4
bf
03
0b
90
60
f8
41
41
0b
cf
c2
80
07
e8
ff
00
00
e8
ff
01
00
92
03
03
00
00
5b
b0
39
68
bc
07
// frame 1209 tick 35679766 ms row 35679726 DESCENT
02
4b
47
35
4c
44
49
b9
04
f4
bf
03
0b
87
60
f8
41
40
0b
cf
c2
84
07
e7
ff
cc
ff
e7
ff
06
00
97
03
03
00
00
5b
b0
39
69
e4
07
// frame 1210 tick 35679966 ms row 35679950 DESCENT
02
4b
47
35
4c
44
49
ba
04
f4
bf
03
0b
80
60
f8
41
3d
0b
cf
c2
7d
07
e5
ff
ef
ff
e5
ff
06
00
97
03
05
00
00
5a
b0
39
6a
0c
08
// frame 1211 tick 35680166 ms row 35680126 DESCENT
02
4b
47
35
4c
44
49
bb
04
f4
bf
03
0c
93
60
f8
41
3d
0b
cf
c2
84
07
e6
ff
3f
00
e7
ff
04
00
93
03
02
00
00
5a
b0
39
6b
34
08
// frame 1212 tick 35680366 ms row 35680350 DESCENT
02
4b
47
35
4c
44
49
bc
04
f4
bf
03
0c
85
60
f8
41
38
0b
cf
c2
82
07
e9
ff
17
00
e9
ff
00
00
8f
03
05
00
00
5b
b0
39
6c
5c
08
// frame 1213 tick 35680566 ms row 35680526 DESCENT
02
4b
47
35
4c
44
49
bd
04
f4
bf
03
0c
86
60
f8
41
3b
0b
cf
c2
80
07
e9
ff
e0
ff
e9
ff
05
00
97
03
03
00
00
5a
b0
39
6c
84
08
// frame 1214 tick 35680766 ms row 35680750 DESCENT
02
4b
47
35
4c
44
49
be
04
f4
bf
03
0c
82
60
f8
41
3a
0b
cf
c2
8b
07
e6
ff
cd
ff
e6
ff
50
00
b9
03
de
ff
00
5a
b0
39
6c
ac
08
// frame 1215 tick 35680966 ms row 35680839 DESCENT
02
4b
47
35
4c
44
49
bf
04
f4
bf
03
0c
8d
60
f8
41
37
0b
cf
c2
7e
07
e6
ff
e7
ff
e6
ff
10
00
d1
03
e1
ff
00
5a
b0
39
6c
d4
08
// frame 1216 tick 35681166 ms row 35680839 DESCENT
02
4b
47
35
4c
44
49
c0
04
f4
bf
03
0c
94
60
f8
41
37
0b
cf
c2
7f
07
e6
ff
e7
ff
e6
ff
10
00
d1
03
e1
ff
00
5a
b0
39
6b
fc
08
// frame 1217 tick 35681366 ms row 35681350 LANDED
02
4b
47
35
4c
44
49
c1
04
e5
bf
03
0c
8a
60
f8
41
39
0b
cf
c2
81
07
e8
ff
00
00
e8
ff
03
00
93
03
04
00
00
5a
b0
39
58
fc
08
// frame 1218 tick 35681566 ms row 35681350 LANDED
02
4b
47
35
4c
44
49
c2
04
e5
bf
03
0c
8a
60
f8
41
3b
0b
cf
c2
87
07
e8
ff
00
00
e8
ff
03
00
93
03
04
00
00
5a
b0
39
58
fc
08
// frame 1219 tick 35681766 ms row 35681350 LANDED
02
4b
47
35
4c
44
49
c3
04
e5
bf
03
0c
99
60
f8
41
38
0b
cf
c2
81
07
e8
ff
00
00
e8
ff
03
00
93
03
04
00
00
5a
b0
39
58
fc
08
// frame 1220 tick 35681966 ms row 35681850 LANDED
02
4b
47
35
4c
44
49
c4
04
e5
bf
03
0c
91
60
f8
41
3a
0b
cf
c2
86
07
e6
ff
00
00
e6
ff
03
00
92
03
04
00
00
5b
b0
39
58
fc
08
// frame 1221 tick 35682166 ms row 35681850 LANDED
02
4b
47
35
4c
44
49
c5
04
e5
bf
03
0c
89
60
f8
41
38
0b
cf
c2
81
07
e6
ff
00
00
e6
ff
03
00
92
03
04
00
00
5b
b0
39
58
fc
08
// frame 1222 tick 35682366 ms row 35682351 LANDED
02
4b
47
35
4c
44
49
c6
04
e5
bf
03
0c
9d
60
f8
41
39
0b
cf
c2
81
07
e6
ff
00
00
e6
ff
07
00
97
03
04
00
00
5b
b0
39
58
fc
08
// frame 1223 tick 35682566 ms row 35682351 LANDED
02
4b
47
35
4c
44
49
c7
04
e5
bf
03
0c
8d
60
f8
41
3b
0b
cf
c2
7d
07
e6
ff
00
00
e6
ff
07
00
97
03
04
00
00
5b
b0
39
58
fc
08
// frame 1224 tick 35682766 ms row 35682351 LANDED
02
4b
47
35
4c
44
49
c8
04
e5
bf
03
0c
8f
60
f8
41
37
0b
cf
c2
82
07
e6
ff
00
00
e6
ff
07
00
97
03
04
00
00
5b
b0
39
58
fc
08
// frame 1225 tick 35682966 ms row 35682866 LANDED
02
4b
47
35
4c
44
49
c9
04
e5
bf
03
0c
91
60
f8
41
36
0b
cf
c2
85
07
e8
ff
00
00
e8
ff
02
00
92
03
04
00
00
5a
b0
39
58
fc
08
// frame 1226 tick 35683166 ms row 35682866 LANDED
02
4b
47
35
4c
44
49
ca
04
e5
bf
03
0c
95
60
f8
41
39
0b
cf
c2
7a
07
e8
ff
00
00
e8
ff
02
00
92
03
04
00
00
5a
b0
39
58
fc
08
// frame 1227 tick 35683366 ms row 35682866 LANDED
02
4b
47
35
4c
44
49
cb
04
e5
bf
03
0c
83
60
f8
41
37
0b
cf
c2
80
07
e8
ff
00
00
e8
ff
02
00
92
03
04
00
00
5a
b0
39
58
fc
08
// frame 1228 tick 35683566 ms row 35683371 LANDED
02
4b
47
35
4c
44
49
cc
04
e5
bf
03
0c
89
60
f8
41
3b
0b
cf
c2
80
07
e8
ff
00
00
e8
ff
10
00
a0
03
04
00
00
5a
b0
39
58
fc
08
// frame 1229 tick 35683766 ms row 35683371 LANDED
02
4b
47
35
4c
44
49
cd
04
e5
bf
03
0c
95
60
f8
41
3e
0b
cf
c2
82
07
e8
ff
00
00
e8
ff
10
00
a0
03
04
00
00
5a
b0
39
58
fc
08
